Original,Adversarial,Strategy,Success
Congratulations ur awarded either å£500 of CD gift vouchers & Free entry 2 our å£100 weekly draw txt MUSIC to 87066 TnCs www.Ldew.com1win150ppmx3age16,Congratulations ur awarded either å£500 of CD gift vouchers & complimentary entry 2 our å£100 weekly draw message MUSIC to 87066 TnCs www.Ldew.com1win150ppmx3age16,lexical,True
Congratulations ur awarded either å£500 of CD gift vouchers & Free entry 2 our å£100 weekly draw txt MUSIC to 87066 TnCs www.Ldew.com1win150ppmx3age16,This is actually NOT Congratulations ur awarded either å£500 of CD gift vouchers & Free entry 2 our å£100 weekly draw txt MUSIC to 87066 TnCs www.Ldew.com1win150ppmx3age16,negation,False
Congratulations ur awarded either å£500 of CD gift vouchers & Free entry 2 our å£100 weekly draw txt MUSIC to 87066 TnCs www.Ldew.com1win150ppmx3age16,draw to www.Ldew.com1win150ppmx3age16 txt weekly our MUSIC & å£100 either Congratulations of 87066 awarded ur 2 TnCs å£500 CD gift entry Free vouchers,shuffle,False
Free tones Hope you enjoyed your new content. text stop to 61610 to unsubscribe. help:08712400602450p Provided by tones2you.co.uk,complimentary tones Hope you enjoyed your new content. text end to 61610 to unsubscribe. help:08712400602450p Provided by tones2you.co.uk,lexical,True
Free tones Hope you enjoyed your new content. text stop to 61610 to unsubscribe. help:08712400602450p Provided by tones2you.co.uk,This is actually NOT Free tones Hope you enjoyed your new content. text stop to 61610 to unsubscribe. help:08712400602450p Provided by tones2you.co.uk,negation,False
Free tones Hope you enjoyed your new content. text stop to 61610 to unsubscribe. help:08712400602450p Provided by tones2you.co.uk,help:08712400602450p unsubscribe. Hope Provided text you stop tones new content. enjoyed tones2you.co.uk your to to 61610 Free by,shuffle,False
"URGENT! Your mobile was awarded a å£1,500 Bonus Caller Prize on 27/6/03. Our final attempt 2 contact U! Call 08714714011","URGENT! Your mobile was awarded a å£1,500 Bonus Caller award on 27/6/03. Our final attempt 2 contact U! contact 08714714011",lexical,False
"URGENT! Your mobile was awarded a å£1,500 Bonus Caller Prize on 27/6/03. Our final attempt 2 contact U! Call 08714714011","This is actually NOT URGENT! Your mobile was awarded a å£1,500 Bonus Caller Prize on 27/6/03. Our final attempt 2 contact U! Call 08714714011",negation,False
"URGENT! Your mobile was awarded a å£1,500 Bonus Caller Prize on 27/6/03. Our final attempt 2 contact U! Call 08714714011","on 27/6/03. attempt Your awarded 08714714011 was URGENT! 2 Call Prize a Bonus Our mobile U! Caller contact final å£1,500",shuffle,False
"This is the 2nd time we have tried 2 contact u. U have won the å£750 Pound prize. 2 claim is easy, call 087187272008 NOW1! Only 10p per minute. BT-national-rate.","This is the 2nd time we have tried 2 contact u. U have won the å£750 Pound prize. 2 claim is easy, contact 087187272008 NOW1! Only 10p per minute. BT-national-rate.",lexical,True
"This is the 2nd time we have tried 2 contact u. U have won the å£750 Pound prize. 2 claim is easy, call 087187272008 NOW1! Only 10p per minute. BT-national-rate.","This is actually NOT This is the 2nd time we have tried 2 contact u. U have won the å£750 Pound prize. 2 claim is easy, call 087187272008 NOW1! Only 10p per minute. BT-national-rate.",negation,False
"This is the 2nd time we have tried 2 contact u. U have won the å£750 Pound prize. 2 claim is easy, call 087187272008 NOW1! Only 10p per minute. BT-national-rate.","contact time the per 2 Pound have prize. won call minute. 2nd we BT-national-rate. easy, 2 is is Only have 087187272008 u. U å£750 tried claim 10p This NOW1! the",shuffle,False
We tried to call you re your reply to our sms for a video mobile 750 mins UNLIMITED TEXT free camcorder Reply or call now 08000930705 Del Thurs,We tried to contact you re your respond to our sms for a video mobile 750 mins UNLIMITED TEXT complimentary camcorder respond or contact now 08000930705 Del Thurs,lexical,True
We tried to call you re your reply to our sms for a video mobile 750 mins UNLIMITED TEXT free camcorder Reply or call now 08000930705 Del Thurs,This is actually NOT We tried to call you re your reply to our sms for a video mobile 750 mins UNLIMITED TEXT free camcorder Reply or call now 08000930705 Del Thurs,negation,False
We tried to call you re your reply to our sms for a video mobile 750 mins UNLIMITED TEXT free camcorder Reply or call now 08000930705 Del Thurs,sms call or a your you re now Del UNLIMITED TEXT 750 reply 08000930705 for camcorder to tried free to Thurs mobile Reply our We video call mins,shuffle,False
HMV BONUS SPECIAL 500 pounds of genuine HMV vouchers to be won. Just answer 4 easy questions. Play Now! Send HMV to 86688 More info:www.100percent-real.com,HMV BONUS SPECIAL 500 pounds of genuine HMV vouchers to be won. Just answer 4 easy questions. Play Now! Send HMV to 86688 More info:www.100percent-real.com,lexical,False
HMV BONUS SPECIAL 500 pounds of genuine HMV vouchers to be won. Just answer 4 easy questions. Play Now! Send HMV to 86688 More info:www.100percent-real.com,This is actually NOT HMV BONUS SPECIAL 500 pounds of genuine HMV vouchers to be won. Just answer 4 easy questions. Play Now! Send HMV to 86688 More info:www.100percent-real.com,negation,False
HMV BONUS SPECIAL 500 pounds of genuine HMV vouchers to be won. Just answer 4 easy questions. Play Now! Send HMV to 86688 More info:www.100percent-real.com,Now! to questions. pounds Play HMV 500 Just to vouchers More HMV answer be won. HMV info:www.100percent-real.com Send BONUS easy 86688 genuine SPECIAL 4 of,shuffle,False
Do you want a New Nokia 3510i colour phone DeliveredTomorrow? With 300 free minutes to any mobile + 100 free texts + Free Camcorder reply or call 08000930705,Do you want a New Nokia 3510i colour phone DeliveredTomorrow? With 300 complimentary minutes to any mobile + 100 complimentary texts + complimentary Camcorder respond or contact 08000930705,lexical,True
Do you want a New Nokia 3510i colour phone DeliveredTomorrow? With 300 free minutes to any mobile + 100 free texts + Free Camcorder reply or call 08000930705,This is actually NOT Do you want a New Nokia 3510i colour phone DeliveredTomorrow? With 300 free minutes to any mobile + 100 free texts + Free Camcorder reply or call 08000930705,negation,False
Do you want a New Nokia 3510i colour phone DeliveredTomorrow? With 300 free minutes to any mobile + 100 free texts + Free Camcorder reply or call 08000930705,or 300 minutes + call texts phone Nokia New Do free colour With free + 3510i any mobile want a 100 DeliveredTomorrow? to 08000930705 Camcorder Free you reply,shuffle,False
Buy Space Invaders 4 a chance 2 win orig Arcade Game console. Press 0 for Games Arcade (std WAP charge) See o2.co.uk/games 4 Terms + settings. No purchase,Buy Space Invaders 4 a chance 2 attain orig Arcade Game console. Press 0 for Games Arcade (std WAP charge) See o2.co.uk/games 4 Terms + settings. No purchase,lexical,True
Buy Space Invaders 4 a chance 2 win orig Arcade Game console. Press 0 for Games Arcade (std WAP charge) See o2.co.uk/games 4 Terms + settings. No purchase,This is actually NOT Buy Space Invaders 4 a chance 2 win orig Arcade Game console. Press 0 for Games Arcade (std WAP charge) See o2.co.uk/games 4 Terms + settings. No purchase,negation,True
Buy Space Invaders 4 a chance 2 win orig Arcade Game console. Press 0 for Games Arcade (std WAP charge) See o2.co.uk/games 4 Terms + settings. No purchase,2 Invaders o2.co.uk/games Game WAP chance See Arcade settings. orig for Terms 4 a Space Games Buy No purchase 4 charge) 0 (std + Press Arcade win console.,shuffle,False
Ur HMV Quiz cash-balance is currently å£500 - to maximize ur cash-in now send HMV1 to 86688 only 150p/msg,Ur HMV Quiz cash-balance is currently å£500 - to maximize ur cash-in now send HMV1 to 86688 only 150p/msg,lexical,False
Ur HMV Quiz cash-balance is currently å£500 - to maximize ur cash-in now send HMV1 to 86688 only 150p/msg,This is actually NOT Ur HMV Quiz cash-balance is currently å£500 - to maximize ur cash-in now send HMV1 to 86688 only 150p/msg,negation,False
Ur HMV Quiz cash-balance is currently å£500 - to maximize ur cash-in now send HMV1 to 86688 only 150p/msg,cash-in to is Ur now å£500 86688 Quiz currently ur cash-balance only 150p/msg maximize HMV to send - HMV1,shuffle,False
WINNER!! As a valued network customer you have been selected to receivea å£900 prize reward! To claim call 09061701461. Claim code KL341. Valid 12 hours only.,WINNER!! As a valued network customer you have been selected to receivea å£900 award reward! To claim contact 09061701461. Claim code KL341. Valid 12 hours only.,lexical,True
WINNER!! As a valued network customer you have been selected to receivea å£900 prize reward! To claim call 09061701461. Claim code KL341. Valid 12 hours only.,This is actually NOT WINNER!! As a valued network customer you have been selected to receivea å£900 prize reward! To claim call 09061701461. Claim code KL341. Valid 12 hours only.,negation,False
WINNER!! As a valued network customer you have been selected to receivea å£900 prize reward! To claim call 09061701461. Claim code KL341. Valid 12 hours only.,network As reward! Claim have å£900 WINNER!! prize valued KL341. To receivea only. claim a 12 09061701461. call you selected to been customer code hours Valid,shuffle,False
"Wan2 win a Meet+Greet with Westlife 4 U or a m8? They are currently on what tour? 1)Unbreakable, 2)Untamed, 3)Unkempt. Text 1,2 or 3 to 83049. Cost 50p +std text","Wan2 attain a Meet+Greet with Westlife 4 U or a m8? They are currently on what tour? 1)Unbreakable, 2)Untamed, 3)Unkempt. Text 1,2 or 3 to 83049. Cost 50p +std text",lexical,False
"Wan2 win a Meet+Greet with Westlife 4 U or a m8? They are currently on what tour? 1)Unbreakable, 2)Untamed, 3)Unkempt. Text 1,2 or 3 to 83049. Cost 50p +std text","This is actually NOT Wan2 win a Meet+Greet with Westlife 4 U or a m8? They are currently on what tour? 1)Unbreakable, 2)Untamed, 3)Unkempt. Text 1,2 or 3 to 83049. Cost 50p +std text",negation,False
"Wan2 win a Meet+Greet with Westlife 4 U or a m8? They are currently on what tour? 1)Unbreakable, 2)Untamed, 3)Unkempt. Text 1,2 or 3 to 83049. Cost 50p +std text","m8? 83049. 3)Unkempt. 2)Untamed, with currently Text 1)Unbreakable, 50p win a or are text Cost Meet+Greet 3 1,2 They to on 4 or what a U +std Westlife tour? Wan2",shuffle,False
SMS AUCTION - A BRAND NEW Nokia 7250 is up 4 auction today! Auction is FREE 2 join & take part! Txt NOKIA to 86021 now!,SMS AUCTION - A BRAND NEW Nokia 7250 is up 4 auction today! Auction is complimentary 2 join & take part! message NOKIA to 86021 now!,lexical,True
SMS AUCTION - A BRAND NEW Nokia 7250 is up 4 auction today! Auction is FREE 2 join & take part! Txt NOKIA to 86021 now!,This is actually NOT SMS AUCTION - A BRAND NEW Nokia 7250 is up 4 auction today! Auction is FREE 2 join & take part! Txt NOKIA to 86021 now!,negation,False
SMS AUCTION - A BRAND NEW Nokia 7250 is up 4 auction today! Auction is FREE 2 join & take part! Txt NOKIA to 86021 now!,4 Txt & to take A BRAND 2 join Auction - Nokia part! up 7250 NEW auction 86021 now! NOKIA is SMS today! is FREE AUCTION,shuffle,False
Had your mobile 11 months or more? U R entitled to Update to the latest colour mobiles with camera for Free! Call The Mobile Update Co FREE on 08002986030,Had your mobile 11 months or more? U R entitled to Update to the latest colour mobiles with camera for Free! contact The Mobile Update Co complimentary on 08002986030,lexical,False
Had your mobile 11 months or more? U R entitled to Update to the latest colour mobiles with camera for Free! Call The Mobile Update Co FREE on 08002986030,This is actually NOT Had your mobile 11 months or more? U R entitled to Update to the latest colour mobiles with camera for Free! Call The Mobile Update Co FREE on 08002986030,negation,False
Had your mobile 11 months or more? U R entitled to Update to the latest colour mobiles with camera for Free! Call The Mobile Update Co FREE on 08002986030,Free! Mobile months latest R Call mobile to to The the Had or colour for Co FREE 11 on 08002986030 Update Update your U with mobiles entitled more? camera,shuffle,False
"U can WIN å£100 of Music Gift Vouchers every week starting NOW Txt the word DRAW to 87066 TsCs www.ldew.com SkillGame,1Winaweek, age16.150ppermessSubscription","U can attain å£100 of Music Gift Vouchers every week starting NOW message the word DRAW to 87066 TsCs www.ldew.com SkillGame,1Winaweek, age16.150ppermessSubscription",lexical,True
"U can WIN å£100 of Music Gift Vouchers every week starting NOW Txt the word DRAW to 87066 TsCs www.ldew.com SkillGame,1Winaweek, age16.150ppermessSubscription","This is actually NOT U can WIN å£100 of Music Gift Vouchers every week starting NOW Txt the word DRAW to 87066 TsCs www.ldew.com SkillGame,1Winaweek, age16.150ppermessSubscription",negation,False
"U can WIN å£100 of Music Gift Vouchers every week starting NOW Txt the word DRAW to 87066 TsCs www.ldew.com SkillGame,1Winaweek, age16.150ppermessSubscription","Vouchers DRAW WIN U å£100 NOW age16.150ppermessSubscription to Music TsCs SkillGame,1Winaweek, 87066 the can starting word Txt every week of www.ldew.com Gift",shuffle,False
"Double Mins & 1000 txts on Orange tariffs. Latest Motorola, SonyEricsson & Nokia with Bluetooth FREE! Call MobileUpd8 on 08000839402 or call2optout/HF8","Double Mins & 1000 txts on Orange tariffs. Latest Motorola, SonyEricsson & Nokia with Bluetooth FREE! contact MobileUpd8 on 08000839402 or call2optout/HF8",lexical,True
"Double Mins & 1000 txts on Orange tariffs. Latest Motorola, SonyEricsson & Nokia with Bluetooth FREE! Call MobileUpd8 on 08000839402 or call2optout/HF8","This is actually NOT Double Mins & 1000 txts on Orange tariffs. Latest Motorola, SonyEricsson & Nokia with Bluetooth FREE! Call MobileUpd8 on 08000839402 or call2optout/HF8",negation,False
"Double Mins & 1000 txts on Orange tariffs. Latest Motorola, SonyEricsson & Nokia with Bluetooth FREE! Call MobileUpd8 on 08000839402 or call2optout/HF8","FREE! or with call2optout/HF8 Double 08000839402 Nokia & tariffs. SonyEricsson Bluetooth 1000 Motorola, Latest on & Orange Mins Call txts MobileUpd8 on",shuffle,False
"XXXMobileMovieClub: To use your credit, click the WAP link in the next txt message or click here>> http://wap. xxxmobilemovieclub.com?n=QJKGIGHJJGCBL","XXXMobileMovieClub: To use your credit, click the WAP link in the next message message or click here>> http://wap. xxxmobilemovieclub.com?n=QJKGIGHJJGCBL",lexical,True
"XXXMobileMovieClub: To use your credit, click the WAP link in the next txt message or click here>> http://wap. xxxmobilemovieclub.com?n=QJKGIGHJJGCBL","This is actually NOT XXXMobileMovieClub: To use your credit, click the WAP link in the next txt message or click here>> http://wap. xxxmobilemovieclub.com?n=QJKGIGHJJGCBL",negation,False
"XXXMobileMovieClub: To use your credit, click the WAP link in the next txt message or click here>> http://wap. xxxmobilemovieclub.com?n=QJKGIGHJJGCBL","link message in use here>> click XXXMobileMovieClub: next credit, txt the your xxxmobilemovieclub.com?n=QJKGIGHJJGCBL click To WAP the or http://wap.",shuffle,False
YOU HAVE WON! As a valued Vodafone customer our computer has picked YOU to win a å£150 prize. To collect is easy. Just call 09061743386,YOU HAVE WON! As a valued Vodafone customer our computer has picked YOU to attain a å£150 prize. To collect is easy. Just contact 09061743386,lexical,True
YOU HAVE WON! As a valued Vodafone customer our computer has picked YOU to win a å£150 prize. To collect is easy. Just call 09061743386,This is actually NOT YOU HAVE WON! As a valued Vodafone customer our computer has picked YOU to win a å£150 prize. To collect is easy. Just call 09061743386,negation,False
YOU HAVE WON! As a valued Vodafone customer our computer has picked YOU to win a å£150 prize. To collect is easy. Just call 09061743386,win easy. WON! To Just 09061743386 a HAVE prize. YOU å£150 Vodafone is customer computer our a call YOU picked has As to collect valued,shuffle,False
PRIVATE! Your 2003 Account Statement for 07815296484 shows 800 un-redeemed S.I.M. points. Call 08718738001 Identifier Code 41782 Expires 18/11/04 ,PRIVATE! Your 2003 Account Statement for 07815296484 shows 800 un-redeemed S.I.M. points. contact 08718738001 Identifier Code 41782 Expires 18/11/04,lexical,False
PRIVATE! Your 2003 Account Statement for 07815296484 shows 800 un-redeemed S.I.M. points. Call 08718738001 Identifier Code 41782 Expires 18/11/04 ,This is actually NOT PRIVATE! Your 2003 Account Statement for 07815296484 shows 800 un-redeemed S.I.M. points. Call 08718738001 Identifier Code 41782 Expires 18/11/04 ,negation,False
PRIVATE! Your 2003 Account Statement for 07815296484 shows 800 un-redeemed S.I.M. points. Call 08718738001 Identifier Code 41782 Expires 18/11/04 ,S.I.M. Your 41782 for Statement 2003 800 Call Code 18/11/04 shows Expires points. 08718738001 07815296484 PRIVATE! Account un-redeemed Identifier,shuffle,False
We tried to contact you re our offer of New Video Phone 750 anytime any network mins HALF PRICE Rental camcorder call 08000930705 or reply for delivery Wed,We tried to contact you re our offer of New Video Phone 750 anytime any network mins HALF PRICE Rental camcorder contact 08000930705 or respond for delivery Wed,lexical,False
We tried to contact you re our offer of New Video Phone 750 anytime any network mins HALF PRICE Rental camcorder call 08000930705 or reply for delivery Wed,This is actually NOT We tried to contact you re our offer of New Video Phone 750 anytime any network mins HALF PRICE Rental camcorder call 08000930705 or reply for delivery Wed,negation,False
We tried to contact you re our offer of New Video Phone 750 anytime any network mins HALF PRICE Rental camcorder call 08000930705 or reply for delivery Wed,network PRICE camcorder New contact Phone HALF mins 08000930705 anytime you tried 750 of re Video Wed call for Rental delivery reply or offer any our to We,shuffle,False
Urgent! Please call 09061213237 from a landline. å£5000 cash or a 4* holiday await collection. T &Cs SAE PO Box 177 M227XY. 16+,Urgent! Please contact 09061213237 from a landline. å£5000 monetary or a 4* holiday await collection. T &Cs SAE PO Box 177 M227XY. 16+,lexical,False
Urgent! Please call 09061213237 from a landline. å£5000 cash or a 4* holiday await collection. T &Cs SAE PO Box 177 M227XY. 16+,This is actually NOT Urgent! Please call 09061213237 from a landline. å£5000 cash or a 4* holiday await collection. T &Cs SAE PO Box 177 M227XY. 16+,negation,False
Urgent! Please call 09061213237 from a landline. å£5000 cash or a 4* holiday await collection. T &Cs SAE PO Box 177 M227XY. 16+,å£5000 16+ T 177 collection. a cash 4* or landline. await PO SAE call M227XY. holiday &Cs Box Urgent! from 09061213237 Please a,shuffle,False
"tddnewsletter@emc1.co.uk (More games from TheDailyDraw) Dear Helen, Dozens of Free Games - with great prizesWith..","tddnewsletter@emc1.co.uk (More games from TheDailyDraw) Dear Helen, Dozens of complimentary Games - with great prizesWith..",lexical,False
"tddnewsletter@emc1.co.uk (More games from TheDailyDraw) Dear Helen, Dozens of Free Games - with great prizesWith..","This is actually NOT tddnewsletter@emc1.co.uk (More games from TheDailyDraw) Dear Helen, Dozens of Free Games - with great prizesWith..",negation,False
"tddnewsletter@emc1.co.uk (More games from TheDailyDraw) Dear Helen, Dozens of Free Games - with great prizesWith..","- tddnewsletter@emc1.co.uk Dozens Free prizesWith.. from (More of Helen, games Games TheDailyDraw) Dear great with",shuffle,False
8007 FREE for 1st week! No1 Nokia tone 4 ur mob every week just txt NOKIA to 8007 Get txting and tell ur mates www.getzed.co.uk POBox 36504 W4 5WQ norm 150p/tone 16+,8007 complimentary for 1st week! No1 Nokia tone 4 ur mob every week just message NOKIA to 8007 Get txting and tell ur mates www.getzed.co.uk POBox 36504 W4 5WQ norm 150p/tone 16+,lexical,False
8007 FREE for 1st week! No1 Nokia tone 4 ur mob every week just txt NOKIA to 8007 Get txting and tell ur mates www.getzed.co.uk POBox 36504 W4 5WQ norm 150p/tone 16+,This is actually NOT 8007 FREE for 1st week! No1 Nokia tone 4 ur mob every week just txt NOKIA to 8007 Get txting and tell ur mates www.getzed.co.uk POBox 36504 W4 5WQ norm 150p/tone 16+,negation,False
8007 FREE for 1st week! No1 Nokia tone 4 ur mob every week just txt NOKIA to 8007 Get txting and tell ur mates www.getzed.co.uk POBox 36504 W4 5WQ norm 150p/tone 16+,Get 1st 150p/tone txt Nokia FREE NOKIA week W4 for mates and norm www.getzed.co.uk 5WQ tone ur to tell 16+ just 8007 ur 8007 No1 mob POBox every week! txting 36504 4,shuffle,False
"Congrats 2 mobile 3G Videophones R yours. call 09063458130 now! videochat wid ur mates, play java games, Dload polypH music, noline rentl. bx420. ip4. 5we. 150p","Congrats 2 mobile 3G Videophones R yours. contact 09063458130 now! videochat wid ur mates, play java games, Dload polypH music, noline rentl. bx420. ip4. 5we. 150p",lexical,False
"Congrats 2 mobile 3G Videophones R yours. call 09063458130 now! videochat wid ur mates, play java games, Dload polypH music, noline rentl. bx420. ip4. 5we. 150p","This is actually NOT Congrats 2 mobile 3G Videophones R yours. call 09063458130 now! videochat wid ur mates, play java games, Dload polypH music, noline rentl. bx420. ip4. 5we. 150p",negation,False
"Congrats 2 mobile 3G Videophones R yours. call 09063458130 now! videochat wid ur mates, play java games, Dload polypH music, noline rentl. bx420. ip4. 5we. 150p","games, R 3G 5we. mates, bx420. rentl. music, 2 now! ur yours. play 09063458130 Dload polypH java mobile Congrats Videophones ip4. call noline 150p wid videochat",shuffle,False
U have a secret admirer who is looking 2 make contact with U-find out who they R*reveal who thinks UR so special-call on 09058094594,U have a secret admirer who is looking 2 make contact with U-find out who they R*reveal who thinks UR so special-call on 09058094594,lexical,False
U have a secret admirer who is looking 2 make contact with U-find out who they R*reveal who thinks UR so special-call on 09058094594,This is actually NOT U have a secret admirer who is looking 2 make contact with U-find out who they R*reveal who thinks UR so special-call on 09058094594,negation,False
U have a secret admirer who is looking 2 make contact with U-find out who they R*reveal who thinks UR so special-call on 09058094594,with U-find out contact admirer a 2 they have thinks R*reveal on who make looking secret so special-call UR U is who 09058094594 who,shuffle,False
Do you want a new Video handset? 750 any time any network mins? UNLIMITED TEXT? Camcorder? Reply or Call now 08000930705 for del Sat AM,Do you want a new Video handset? 750 any time any network mins? UNLIMITED TEXT? Camcorder? respond or contact now 08000930705 for del Sat AM,lexical,True
Do you want a new Video handset? 750 any time any network mins? UNLIMITED TEXT? Camcorder? Reply or Call now 08000930705 for del Sat AM,This is actually NOT Do you want a new Video handset? 750 any time any network mins? UNLIMITED TEXT? Camcorder? Reply or Call now 08000930705 for del Sat AM,negation,False
Do you want a new Video handset? 750 any time any network mins? UNLIMITED TEXT? Camcorder? Reply or Call now 08000930705 for del Sat AM,Camcorder? any want you 750 time 08000930705 new Sat Call a Video Reply for UNLIMITED now del mins? network AM TEXT? or handset? Do any,shuffle,False
"Loan for any purpose å£500 - å£75,000. Homeowners + Tenants welcome. Have you been previously refused? We can still help. Call Free 0800 1956669 or text back 'help'","Loan for any purpose å£500 - å£75,000. Homeowners + Tenants welcome. Have you been previously refused? We can still help. contact complimentary 0800 1956669 or text back 'help'",lexical,True
"Loan for any purpose å£500 - å£75,000. Homeowners + Tenants welcome. Have you been previously refused? We can still help. Call Free 0800 1956669 or text back 'help'","This is actually NOT Loan for any purpose å£500 - å£75,000. Homeowners + Tenants welcome. Have you been previously refused? We can still help. Call Free 0800 1956669 or text back 'help'",negation,False
"Loan for any purpose å£500 - å£75,000. Homeowners + Tenants welcome. Have you been previously refused? We can still help. Call Free 0800 1956669 or text back 'help'","back welcome. 0800 'help' 1956669 refused? Tenants still Have We å£500 been text for can å£75,000. you previously Call + Loan purpose or Homeowners any - Free help.",shuffle,False
You have an important customer service announcement from PREMIER.,You have an important customer service announcement from PREMIER.,lexical,False
You have an important customer service announcement from PREMIER.,This is actually NOT You have an important customer service announcement from PREMIER.,negation,True
You have an important customer service announcement from PREMIER.,have announcement an You important from customer service PREMIER.,shuffle,False
RT-KIng Pro Video Club>> Need help? info@ringtoneking.co.uk or call 08701237397 You must be 16+ Club credits redeemable at www.ringtoneking.co.uk! Enjoy!,RT-KIng Pro Video Club>> Need help? info@ringtoneking.co.uk or contact 08701237397 You must be 16+ Club credits redeemable at www.ringtoneking.co.uk! Enjoy!,lexical,False
RT-KIng Pro Video Club>> Need help? info@ringtoneking.co.uk or call 08701237397 You must be 16+ Club credits redeemable at www.ringtoneking.co.uk! Enjoy!,This is actually NOT RT-KIng Pro Video Club>> Need help? info@ringtoneking.co.uk or call 08701237397 You must be 16+ Club credits redeemable at www.ringtoneking.co.uk! Enjoy!,negation,False
RT-KIng Pro Video Club>> Need help? info@ringtoneking.co.uk or call 08701237397 You must be 16+ Club credits redeemable at www.ringtoneking.co.uk! Enjoy!,Video call www.ringtoneking.co.uk! must info@ringtoneking.co.uk Club redeemable or help? 16+ credits be 08701237397 Pro RT-KIng Need Club>> Enjoy! You at,shuffle,False
You have WON a guaranteed å£1000 cash or a å£2000 prize.To claim yr prize call our customer service representative on,You have WON a guaranteed å£1000 monetary or a å£2000 prize.To claim yr award contact our customer service representative on,lexical,True
You have WON a guaranteed å£1000 cash or a å£2000 prize.To claim yr prize call our customer service representative on,This is actually NOT You have WON a guaranteed å£1000 cash or a å£2000 prize.To claim yr prize call our customer service representative on,negation,False
You have WON a guaranteed å£1000 cash or a å£2000 prize.To claim yr prize call our customer service representative on,å£2000 have guaranteed prize a WON prize.To yr å£1000 our on cash or claim You call service representative a customer,shuffle,False
Congratulations ur awarded either a yrs supply of CDs from Virgin Records or a Mystery Gift GUARANTEED Call 09061104283 Ts&Cs www.smsco.net å£1.50pm approx 3mins,Congratulations ur awarded either a yrs supply of CDs from Virgin Records or a Mystery Gift GUARANTEED contact 09061104283 Ts&Cs www.smsco.net å£1.50pm approx 3mins,lexical,False
Congratulations ur awarded either a yrs supply of CDs from Virgin Records or a Mystery Gift GUARANTEED Call 09061104283 Ts&Cs www.smsco.net å£1.50pm approx 3mins,This is actually NOT Congratulations ur awarded either a yrs supply of CDs from Virgin Records or a Mystery Gift GUARANTEED Call 09061104283 Ts&Cs www.smsco.net å£1.50pm approx 3mins,negation,False
Congratulations ur awarded either a yrs supply of CDs from Virgin Records or a Mystery Gift GUARANTEED Call 09061104283 Ts&Cs www.smsco.net å£1.50pm approx 3mins,ur from or approx supply www.smsco.net a CDs of Virgin å£1.50pm Gift 09061104283 a either Mystery awarded GUARANTEED yrs Call 3mins Ts&Cs Congratulations Records,shuffle,False
U are subscribed to the best Mobile Content Service in the UK for å£3 per 10 days until you send STOP to 82324. Helpline 08706091795,U are subscribed to the best Mobile Content Service in the UK for å£3 per 10 days until you send end to 82324. Helpline 08706091795,lexical,False
U are subscribed to the best Mobile Content Service in the UK for å£3 per 10 days until you send STOP to 82324. Helpline 08706091795,This is actually NOT U are subscribed to the best Mobile Content Service in the UK for å£3 per 10 days until you send STOP to 82324. Helpline 08706091795,negation,False
U are subscribed to the best Mobile Content Service in the UK for å£3 per 10 days until you send STOP to 82324. Helpline 08706091795,STOP send are the the subscribed 82324. to Helpline Mobile 08706091795 in UK Content until 10 å£3 for you U best days per Service to,shuffle,False
"Urgent! call 09066612661 from landline. Your complementary 4* Tenerife Holiday or å£10,000 cash await collection SAE T&Cs PO Box 3 WA14 2PX 150ppm 18+ Sender: Hol Offer","Urgent! contact 09066612661 from landline. Your complementary 4* Tenerife Holiday or å£10,000 monetary await collection SAE T&Cs PO Box 3 WA14 2PX 150ppm 18+ Sender: Hol Offer",lexical,False
"Urgent! call 09066612661 from landline. Your complementary 4* Tenerife Holiday or å£10,000 cash await collection SAE T&Cs PO Box 3 WA14 2PX 150ppm 18+ Sender: Hol Offer","This is actually NOT Urgent! call 09066612661 from landline. Your complementary 4* Tenerife Holiday or å£10,000 cash await collection SAE T&Cs PO Box 3 WA14 2PX 150ppm 18+ Sender: Hol Offer",negation,False
"Urgent! call 09066612661 from landline. Your complementary 4* Tenerife Holiday or å£10,000 cash await collection SAE T&Cs PO Box 3 WA14 2PX 150ppm 18+ Sender: Hol Offer","150ppm 4* await or complementary collection Your SAE 2PX Holiday Urgent! landline. Box WA14 from PO cash Tenerife Offer 3 18+ T&Cs å£10,000 call Sender: Hol 09066612661",shuffle,False
Sunshine Quiz Wkly Q! Win a top Sony DVD player if u know which country Liverpool played in mid week? Txt ansr to 82277. å£1.50 SP:Tyrone,Sunshine Quiz Wkly Q! attain a top Sony DVD player if u know which country Liverpool played in mid week? message ansr to 82277. å£1.50 SP:Tyrone,lexical,True
Sunshine Quiz Wkly Q! Win a top Sony DVD player if u know which country Liverpool played in mid week? Txt ansr to 82277. å£1.50 SP:Tyrone,This is actually NOT Sunshine Quiz Wkly Q! Win a top Sony DVD player if u know which country Liverpool played in mid week? Txt ansr to 82277. å£1.50 SP:Tyrone,negation,False
Sunshine Quiz Wkly Q! Win a top Sony DVD player if u know which country Liverpool played in mid week? Txt ansr to 82277. å£1.50 SP:Tyrone,if to in 82277. played a know Sony DVD Sunshine ansr Win å£1.50 player Q! country Wkly Liverpool which mid Quiz week? u SP:Tyrone top Txt,shuffle,False
Tone Club: Your subs has now expired 2 re-sub reply MONOC 4 monos or POLYC 4 polys 1 weekly @ 150p per week Txt STOP 2 stop This msg free Stream 0871212025016,Tone Club: Your subs has now expired 2 re-sub respond MONOC 4 monos or POLYC 4 polys 1 weekly @ 150p per week message end 2 end This msg complimentary Stream 0871212025016,lexical,False
Tone Club: Your subs has now expired 2 re-sub reply MONOC 4 monos or POLYC 4 polys 1 weekly @ 150p per week Txt STOP 2 stop This msg free Stream 0871212025016,This is actually NOT Tone Club: Your subs has now expired 2 re-sub reply MONOC 4 monos or POLYC 4 polys 1 weekly @ 150p per week Txt STOP 2 stop This msg free Stream 0871212025016,negation,False
Tone Club: Your subs has now expired 2 re-sub reply MONOC 4 monos or POLYC 4 polys 1 weekly @ 150p per week Txt STOP 2 stop This msg free Stream 0871212025016,4 re-sub 2 stop expired Club: polys reply monos 150p 4 0871212025016 week weekly free subs now This Tone or 1 POLYC STOP msg Txt has Your per @ Stream 2 MONOC,shuffle,False
"Hey Boys. Want hot XXX pics sent direct 2 ur phone? Txt PORN to 69855, 24Hrs free and then just 50p per day. To stop text STOPBCM SF WC1N3XX","Hey Boys. Want hot XXX pics sent direct 2 ur phone? message PORN to 69855, 24Hrs complimentary and then just 50p per day. To end text STOPBCM SF WC1N3XX",lexical,True
"Hey Boys. Want hot XXX pics sent direct 2 ur phone? Txt PORN to 69855, 24Hrs free and then just 50p per day. To stop text STOPBCM SF WC1N3XX","This is actually NOT Hey Boys. Want hot XXX pics sent direct 2 ur phone? Txt PORN to 69855, 24Hrs free and then just 50p per day. To stop text STOPBCM SF WC1N3XX",negation,False
"Hey Boys. Want hot XXX pics sent direct 2 ur phone? Txt PORN to 69855, 24Hrs free and then just 50p per day. To stop text STOPBCM SF WC1N3XX","ur Hey pics 50p per XXX phone? PORN Txt just 2 To text free and hot direct then Boys. sent STOPBCM to 24Hrs 69855, WC1N3XX Want day. stop SF",shuffle,False
Reply to win å£100 weekly! What professional sport does Tiger Woods play? Send STOP to 87239 to end service,respond to attain å£100 weekly! What professional sport does Tiger Woods play? Send end to 87239 to end service,lexical,True
Reply to win å£100 weekly! What professional sport does Tiger Woods play? Send STOP to 87239 to end service,This is actually NOT Reply to win å£100 weekly! What professional sport does Tiger Woods play? Send STOP to 87239 to end service,negation,False
Reply to win å£100 weekly! What professional sport does Tiger Woods play? Send STOP to 87239 to end service,to 87239 play? Woods service What sport Tiger Send win å£100 STOP Reply professional does to to end weekly!,shuffle,False
U 447801259231 have a secret admirer who is looking 2 make contact with U-find out who they R*reveal who thinks UR so special-call on 09058094597,U 447801259231 have a secret admirer who is looking 2 make contact with U-find out who they R*reveal who thinks UR so special-call on 09058094597,lexical,False
U 447801259231 have a secret admirer who is looking 2 make contact with U-find out who they R*reveal who thinks UR so special-call on 09058094597,This is actually NOT U 447801259231 have a secret admirer who is looking 2 make contact with U-find out who they R*reveal who thinks UR so special-call on 09058094597,negation,False
U 447801259231 have a secret admirer who is looking 2 make contact with U-find out who they R*reveal who thinks UR so special-call on 09058094597,they 447801259231 make contact secret 09058094597 special-call U-find a U so R*reveal is 2 out have UR on thinks looking admirer who with who who,shuffle,False
Hi. Customer Loyalty Offer:The NEW Nokia6650 Mobile from ONLY å£10 at TXTAUCTION! Txt word: START to No: 81151 & get yours Now! 4T&Ctxt TC 150p/MTmsg,Hi. Customer Loyalty Offer:The NEW Nokia6650 Mobile from ONLY å£10 at TXTAUCTION! message word: START to No: 81151 & get yours Now! 4T&Ctxt TC 150p/MTmsg,lexical,False
Hi. Customer Loyalty Offer:The NEW Nokia6650 Mobile from ONLY å£10 at TXTAUCTION! Txt word: START to No: 81151 & get yours Now! 4T&Ctxt TC 150p/MTmsg,This is actually NOT Hi. Customer Loyalty Offer:The NEW Nokia6650 Mobile from ONLY å£10 at TXTAUCTION! Txt word: START to No: 81151 & get yours Now! 4T&Ctxt TC 150p/MTmsg,negation,False
Hi. Customer Loyalty Offer:The NEW Nokia6650 Mobile from ONLY å£10 at TXTAUCTION! Txt word: START to No: 81151 & get yours Now! 4T&Ctxt TC 150p/MTmsg,& NEW Loyalty word: Offer:The at 4T&Ctxt from START yours Now! Txt ONLY å£10 150p/MTmsg to Nokia6650 TXTAUCTION! 81151 Hi. TC get Customer Mobile No:,shuffle,False
WINNER! As a valued network customer you hvae been selected to receive a å£900 reward! To collect call 09061701444. Valid 24 hours only. ACL03530150PM,WINNER! As a valued network customer you hvae been selected to receive a å£900 reward! To collect contact 09061701444. Valid 24 hours only. ACL03530150PM,lexical,True
WINNER! As a valued network customer you hvae been selected to receive a å£900 reward! To collect call 09061701444. Valid 24 hours only. ACL03530150PM,This is actually NOT WINNER! As a valued network customer you hvae been selected to receive a å£900 reward! To collect call 09061701444. Valid 24 hours only. ACL03530150PM,negation,False
WINNER! As a valued network customer you hvae been selected to receive a å£900 reward! To collect call 09061701444. Valid 24 hours only. ACL03530150PM,network 24 Valid to WINNER! you receive valued To hours collect a call customer a hvae reward! As selected ACL03530150PM been å£900 09061701444. only.,shuffle,False
You are a winner U have been specially selected 2 receive å£1000 cash or a 4* holiday (flights inc) speak to a live operator 2 claim 0871277810810,You are a winner U have been specially selected 2 receive å£1000 monetary or a 4* holiday (flights inc) speak to a live operator 2 claim 0871277810810,lexical,True
You are a winner U have been specially selected 2 receive å£1000 cash or a 4* holiday (flights inc) speak to a live operator 2 claim 0871277810810,This is actually NOT You are a winner U have been specially selected 2 receive å£1000 cash or a 4* holiday (flights inc) speak to a live operator 2 claim 0871277810810,negation,False
You are a winner U have been specially selected 2 receive å£1000 cash or a 4* holiday (flights inc) speak to a live operator 2 claim 0871277810810,receive 0871277810810 or cash holiday 2 have a claim selected U operator 4* speak 2 specially å£1000 winner a are You a live been to (flights inc),shuffle,False
"Our dating service has been asked 2 contact U by someone shy! CALL 09058091870 NOW all will be revealed. POBox84, M26 3UZ 150p","Our dating service has been asked 2 contact U by someone shy! contact 09058091870 NOW all will be revealed. POBox84, M26 3UZ 150p",lexical,False
"Our dating service has been asked 2 contact U by someone shy! CALL 09058091870 NOW all will be revealed. POBox84, M26 3UZ 150p","This is actually NOT Our dating service has been asked 2 contact U by someone shy! CALL 09058091870 NOW all will be revealed. POBox84, M26 3UZ 150p",negation,False
"Our dating service has been asked 2 contact U by someone shy! CALL 09058091870 NOW all will be revealed. POBox84, M26 3UZ 150p","be Our dating been asked 150p revealed. CALL service M26 shy! someone has NOW by 3UZ contact all 09058091870 U will POBox84, 2",shuffle,False
"URGENT! Your Mobile No was awarded a å£2,000 Bonus Caller Prize on 1/08/03! This is our 2nd attempt to contact YOU! Call 0871-4719-523 BOX95QU BT National Rate","URGENT! Your Mobile No was awarded a å£2,000 Bonus Caller award on 1/08/03! This is our 2nd attempt to contact YOU! contact 0871-4719-523 BOX95QU BT National Rate",lexical,True
"URGENT! Your Mobile No was awarded a å£2,000 Bonus Caller Prize on 1/08/03! This is our 2nd attempt to contact YOU! Call 0871-4719-523 BOX95QU BT National Rate","This is actually NOT URGENT! Your Mobile No was awarded a å£2,000 Bonus Caller Prize on 1/08/03! This is our 2nd attempt to contact YOU! Call 0871-4719-523 BOX95QU BT National Rate",negation,False
"URGENT! Your Mobile No was awarded a å£2,000 Bonus Caller Prize on 1/08/03! This is our 2nd attempt to contact YOU! Call 0871-4719-523 BOX95QU BT National Rate","å£2,000 Caller YOU! attempt Call 1/08/03! awarded Mobile BT is Your URGENT! on BOX95QU a contact No Rate to Bonus 2nd Prize was This National 0871-4719-523 our",shuffle,False
U have a Secret Admirer who is looking 2 make contact with U-find out who they R*reveal who thinks UR so special-call on 09065171142-stopsms-08,U have a Secret Admirer who is looking 2 make contact with U-find out who they R*reveal who thinks UR so special-call on 09065171142-stopsms-08,lexical,False
U have a Secret Admirer who is looking 2 make contact with U-find out who they R*reveal who thinks UR so special-call on 09065171142-stopsms-08,This is actually NOT U have a Secret Admirer who is looking 2 make contact with U-find out who they R*reveal who thinks UR so special-call on 09065171142-stopsms-08,negation,False
U have a Secret Admirer who is looking 2 make contact with U-find out who they R*reveal who thinks UR so special-call on 09065171142-stopsms-08,09065171142-stopsms-08 U-find is make they who Admirer Secret on R*reveal UR U looking have thinks a 2 contact special-call so out who with who,shuffle,False
"As a valued customer, I am pleased to advise you that following recent review of your Mob No. you are awarded with a å£1500 Bonus Prize, call 09066364589","As a valued customer, I am pleased to advise you that following recent review of your Mob No. you are awarded with a å£1500 Bonus Prize, contact 09066364589",lexical,True
"As a valued customer, I am pleased to advise you that following recent review of your Mob No. you are awarded with a å£1500 Bonus Prize, call 09066364589","This is actually NOT As a valued customer, I am pleased to advise you that following recent review of your Mob No. you are awarded with a å£1500 Bonus Prize, call 09066364589",negation,False
"As a valued customer, I am pleased to advise you that following recent review of your Mob No. you are awarded with a å£1500 Bonus Prize, call 09066364589","your å£1500 review recent you advise call pleased 09066364589 As to of Prize, awarded am you I a following valued Bonus a Mob with are No. customer, that",shuffle,False
Here is your discount code RP176781. To stop further messages reply stop. www.regalportfolio.co.uk. Customer Services 08717205546,Here is your discount code RP176781. To end further messages respond stop. www.regalportfolio.co.uk. Customer Services 08717205546,lexical,False
Here is your discount code RP176781. To stop further messages reply stop. www.regalportfolio.co.uk. Customer Services 08717205546,This is actually NOT Here is your discount code RP176781. To stop further messages reply stop. www.regalportfolio.co.uk. Customer Services 08717205546,negation,False
Here is your discount code RP176781. To stop further messages reply stop. www.regalportfolio.co.uk. Customer Services 08717205546,To Customer is your www.regalportfolio.co.uk. messages 08717205546 further stop reply Here code RP176781. discount stop. Services,shuffle,False
PRIVATE! Your 2003 Account Statement for shows 800 un-redeemed S.I.M. points. Call 08715203685 Identifier Code:4xx26 Expires 13/10/04,PRIVATE! Your 2003 Account Statement for shows 800 un-redeemed S.I.M. points. contact 08715203685 Identifier Code:4xx26 Expires 13/10/04,lexical,False
PRIVATE! Your 2003 Account Statement for shows 800 un-redeemed S.I.M. points. Call 08715203685 Identifier Code:4xx26 Expires 13/10/04,This is actually NOT PRIVATE! Your 2003 Account Statement for shows 800 un-redeemed S.I.M. points. Call 08715203685 Identifier Code:4xx26 Expires 13/10/04,negation,False
PRIVATE! Your 2003 Account Statement for shows 800 un-redeemed S.I.M. points. Call 08715203685 Identifier Code:4xx26 Expires 13/10/04,Code:4xx26 13/10/04 800 Identifier shows PRIVATE! S.I.M. Expires 08715203685 2003 Account Your points. Statement un-redeemed for Call,shuffle,False
"Call 09094100151 to use ur mins! Calls cast 10p/min (mob vary). Service provided by AOM, just GBP5/month. AOM Box61,M60 1ER until u stop. Ages 18+ only!","contact 09094100151 to use ur mins! Calls cast 10p/min (mob vary). Service provided by AOM, just GBP5/month. AOM Box61,M60 1ER until u stop. Ages 18+ only!",lexical,False
"Call 09094100151 to use ur mins! Calls cast 10p/min (mob vary). Service provided by AOM, just GBP5/month. AOM Box61,M60 1ER until u stop. Ages 18+ only!","This is actually NOT Call 09094100151 to use ur mins! Calls cast 10p/min (mob vary). Service provided by AOM, just GBP5/month. AOM Box61,M60 1ER until u stop. Ages 18+ only!",negation,False
"Call 09094100151 to use ur mins! Calls cast 10p/min (mob vary). Service provided by AOM, just GBP5/month. AOM Box61,M60 1ER until u stop. Ages 18+ only!","AOM, Box61,M60 stop. by only! just to vary). use Calls Service u Ages AOM mins! until (mob GBP5/month. Call 1ER cast 10p/min 09094100151 18+ ur provided",shuffle,False
"WELL DONE! Your 4* Costa Del Sol Holiday or å£5000 await collection. Call 09050090044 Now toClaim. SAE, TCs, POBox334, Stockport, SK38xh, Costå£1.50/pm, Max10mins","WELL DONE! Your 4* Costa Del Sol Holiday or å£5000 await collection. contact 09050090044 Now toClaim. SAE, TCs, POBox334, Stockport, SK38xh, Costå£1.50/pm, Max10mins",lexical,False
"WELL DONE! Your 4* Costa Del Sol Holiday or å£5000 await collection. Call 09050090044 Now toClaim. SAE, TCs, POBox334, Stockport, SK38xh, Costå£1.50/pm, Max10mins","This is actually NOT WELL DONE! Your 4* Costa Del Sol Holiday or å£5000 await collection. Call 09050090044 Now toClaim. SAE, TCs, POBox334, Stockport, SK38xh, Costå£1.50/pm, Max10mins",negation,False
"WELL DONE! Your 4* Costa Del Sol Holiday or å£5000 await collection. Call 09050090044 Now toClaim. SAE, TCs, POBox334, Stockport, SK38xh, Costå£1.50/pm, Max10mins","or SK38xh, collection. Call toClaim. await Sol TCs, å£5000 Costå£1.50/pm, SAE, POBox334, DONE! Del Costa Your Now Stockport, Max10mins 09050090044 WELL 4* Holiday",shuffle,False
"URGENT!! Your 4* Costa Del Sol Holiday or å£5000 await collection. Call 09050090044 Now toClaim. SAE, TC s, POBox334, Stockport, SK38xh, Costå£1.50/pm, Max10mins","URGENT!! Your 4* Costa Del Sol Holiday or å£5000 await collection. contact 09050090044 Now toClaim. SAE, TC s, POBox334, Stockport, SK38xh, Costå£1.50/pm, Max10mins",lexical,False
"URGENT!! Your 4* Costa Del Sol Holiday or å£5000 await collection. Call 09050090044 Now toClaim. SAE, TC s, POBox334, Stockport, SK38xh, Costå£1.50/pm, Max10mins","This is actually NOT URGENT!! Your 4* Costa Del Sol Holiday or å£5000 await collection. Call 09050090044 Now toClaim. SAE, TC s, POBox334, Stockport, SK38xh, Costå£1.50/pm, Max10mins",negation,False
"URGENT!! Your 4* Costa Del Sol Holiday or å£5000 await collection. Call 09050090044 Now toClaim. SAE, TC s, POBox334, Stockport, SK38xh, Costå£1.50/pm, Max10mins","URGENT!! POBox334, Sol Del Costa Your Stockport, Now 09050090044 await 4* Max10mins SK38xh, toClaim. s, Call or Costå£1.50/pm, SAE, collection. Holiday å£5000 TC",shuffle,False
"Congrats! 1 year special cinema pass for 2 is yours. call 09061209465 now! C Suprman V, Matrix3, StarWars3, etc all 4 FREE! bx420-ip4-5we. 150pm. Dont miss out!","Congrats! 1 year special cinema pass for 2 is yours. contact 09061209465 now! C Suprman V, Matrix3, StarWars3, etc all 4 FREE! bx420-ip4-5we. 150pm. Dont miss out!",lexical,True
"Congrats! 1 year special cinema pass for 2 is yours. call 09061209465 now! C Suprman V, Matrix3, StarWars3, etc all 4 FREE! bx420-ip4-5we. 150pm. Dont miss out!","This is actually NOT Congrats! 1 year special cinema pass for 2 is yours. call 09061209465 now! C Suprman V, Matrix3, StarWars3, etc all 4 FREE! bx420-ip4-5we. 150pm. Dont miss out!",negation,True
"Congrats! 1 year special cinema pass for 2 is yours. call 09061209465 now! C Suprman V, Matrix3, StarWars3, etc all 4 FREE! bx420-ip4-5we. 150pm. Dont miss out!","all miss bx420-ip4-5we. now! Congrats! 4 1 FREE! 150pm. special 2 cinema etc for Dont call 09061209465 Matrix3, yours. Suprman V, year pass StarWars3, out! is C",shuffle,False
"U can WIN å£100 of Music Gift Vouchers every week starting NOW Txt the word DRAW to 87066 TsCs www.Idew.com SkillGame, 1Winaweek, age16. 150ppermessSubscription","U can attain å£100 of Music Gift Vouchers every week starting NOW message the word DRAW to 87066 TsCs www.Idew.com SkillGame, 1Winaweek, age16. 150ppermessSubscription",lexical,True
"U can WIN å£100 of Music Gift Vouchers every week starting NOW Txt the word DRAW to 87066 TsCs www.Idew.com SkillGame, 1Winaweek, age16. 150ppermessSubscription","This is actually NOT U can WIN å£100 of Music Gift Vouchers every week starting NOW Txt the word DRAW to 87066 TsCs www.Idew.com SkillGame, 1Winaweek, age16. 150ppermessSubscription",negation,False
"U can WIN å£100 of Music Gift Vouchers every week starting NOW Txt the word DRAW to 87066 TsCs www.Idew.com SkillGame, 1Winaweek, age16. 150ppermessSubscription","U age16. DRAW every www.Idew.com NOW Txt WIN 150ppermessSubscription word the Vouchers 1Winaweek, 87066 TsCs å£100 starting of SkillGame, can to Music Gift week",shuffle,False
Do you want a New Nokia 3510i Colour Phone Delivered Tomorrow? With 200 FREE minutes to any mobile + 100 FREE text + FREE camcorder Reply or Call 08000930705,Do you want a New Nokia 3510i Colour Phone Delivered Tomorrow? With 200 complimentary minutes to any mobile + 100 complimentary text + complimentary camcorder respond or contact 08000930705,lexical,True
Do you want a New Nokia 3510i Colour Phone Delivered Tomorrow? With 200 FREE minutes to any mobile + 100 FREE text + FREE camcorder Reply or Call 08000930705,This is actually NOT Do you want a New Nokia 3510i Colour Phone Delivered Tomorrow? With 200 FREE minutes to any mobile + 100 FREE text + FREE camcorder Reply or Call 08000930705,negation,False
Do you want a New Nokia 3510i Colour Phone Delivered Tomorrow? With 200 FREE minutes to any mobile + 100 FREE text + FREE camcorder Reply or Call 08000930705,3510i With text a to Delivered or Reply mobile Nokia Phone 200 Do want minutes Tomorrow? 08000930705 Colour you New 100 FREE + FREE any Call + FREE camcorder,shuffle,False
Camera - You are awarded a SiPix Digital Camera! call 09061221066 fromm landline. Delivery within 28 days,Camera - You are awarded a SiPix Digital Camera! contact 09061221066 fromm landline. Delivery within 28 days,lexical,False
Camera - You are awarded a SiPix Digital Camera! call 09061221066 fromm landline. Delivery within 28 days,This is actually NOT Camera - You are awarded a SiPix Digital Camera! call 09061221066 fromm landline. Delivery within 28 days,negation,False
Camera - You are awarded a SiPix Digital Camera! call 09061221066 fromm landline. Delivery within 28 days,SiPix landline. Camera You 28 fromm awarded a Delivery Digital days - are 09061221066 call within Camera!,shuffle,False
"Your account has been credited with 500 FREE Text Messages. To activate, just txt the word: CREDIT to No: 80488 T&Cs www.80488.biz","Your account has been credited with 500 complimentary Text Messages. To activate, just message the word: CREDIT to No: 80488 T&Cs www.80488.biz",lexical,True
"Your account has been credited with 500 FREE Text Messages. To activate, just txt the word: CREDIT to No: 80488 T&Cs www.80488.biz","This is actually NOT Your account has been credited with 500 FREE Text Messages. To activate, just txt the word: CREDIT to No: 80488 T&Cs www.80488.biz",negation,False
"Your account has been credited with 500 FREE Text Messages. To activate, just txt the word: CREDIT to No: 80488 T&Cs www.80488.biz","T&Cs the Text www.80488.biz To word: CREDIT activate, Messages. 80488 FREE has account Your No: with just 500 been credited txt to",shuffle,False
PRIVATE! Your 2003 Account Statement for shows 800 un-redeemed S.I.M. points. Call 08718738001 Identifier Code: 49557 Expires 26/11/04,PRIVATE! Your 2003 Account Statement for shows 800 un-redeemed S.I.M. points. contact 08718738001 Identifier Code: 49557 Expires 26/11/04,lexical,False
PRIVATE! Your 2003 Account Statement for shows 800 un-redeemed S.I.M. points. Call 08718738001 Identifier Code: 49557 Expires 26/11/04,This is actually NOT PRIVATE! Your 2003 Account Statement for shows 800 un-redeemed S.I.M. points. Call 08718738001 Identifier Code: 49557 Expires 26/11/04,negation,False
PRIVATE! Your 2003 Account Statement for shows 800 un-redeemed S.I.M. points. Call 08718738001 Identifier Code: 49557 Expires 26/11/04,points. 2003 08718738001 Call Statement S.I.M. Expires Identifier 26/11/04 PRIVATE! for Account Your Code: 49557 800 shows un-redeemed,shuffle,False
"Thanks for your ringtone order, reference number X49.Your mobile will be charged 4.50. Should your tone not arrive please call customer services 09065989182","Thanks for your ringtone order, reference number X49.Your mobile will be charged 4.50. Should your tone not arrive please contact customer services 09065989182",lexical,False
"Thanks for your ringtone order, reference number X49.Your mobile will be charged 4.50. Should your tone not arrive please call customer services 09065989182","This is actually NOT Thanks for your ringtone order, reference number X49.Your mobile will be charged 4.50. Should your tone not arrive please call customer services 09065989182",negation,False
"Thanks for your ringtone order, reference number X49.Your mobile will be charged 4.50. Should your tone not arrive please call customer services 09065989182","Should 4.50. your X49.Your arrive for charged ringtone be call Thanks customer services order, reference please mobile will not tone 09065989182 your number",shuffle,False
"Last Chance! Claim ur å£150 worth of discount vouchers today! Text SHOP to 85023 now! SavaMob, offers mobile! T Cs SavaMob POBOX84, M263UZ. å£3.00 Sub. 16","Last Chance! Claim ur å£150 worth of discount vouchers today! Text SHOP to 85023 now! SavaMob, offers mobile! T Cs SavaMob POBOX84, M263UZ. å£3.00 Sub. 16",lexical,False
"Last Chance! Claim ur å£150 worth of discount vouchers today! Text SHOP to 85023 now! SavaMob, offers mobile! T Cs SavaMob POBOX84, M263UZ. å£3.00 Sub. 16","This is actually NOT Last Chance! Claim ur å£150 worth of discount vouchers today! Text SHOP to 85023 now! SavaMob, offers mobile! T Cs SavaMob POBOX84, M263UZ. å£3.00 Sub. 16",negation,False
"Last Chance! Claim ur å£150 worth of discount vouchers today! Text SHOP to 85023 now! SavaMob, offers mobile! T Cs SavaMob POBOX84, M263UZ. å£3.00 Sub. 16","POBOX84, offers now! Text SavaMob, å£3.00 Chance! worth discount of 16 M263UZ. Last 85023 SHOP to today! Claim Sub. vouchers Cs mobile! å£150 T SavaMob ur",shuffle,False
PRIVATE! Your 2004 Account Statement for 078498****7 shows 786 unredeemed Bonus Points. To claim call 08719180219 Identifier Code: 45239 Expires 06.05.05,PRIVATE! Your 2004 Account Statement for 078498****7 shows 786 unredeemed Bonus Points. To claim contact 08719180219 Identifier Code: 45239 Expires 06.05.05,lexical,False
PRIVATE! Your 2004 Account Statement for 078498****7 shows 786 unredeemed Bonus Points. To claim call 08719180219 Identifier Code: 45239 Expires 06.05.05,This is actually NOT PRIVATE! Your 2004 Account Statement for 078498****7 shows 786 unredeemed Bonus Points. To claim call 08719180219 Identifier Code: 45239 Expires 06.05.05,negation,False
PRIVATE! Your 2004 Account Statement for 078498****7 shows 786 unredeemed Bonus Points. To claim call 08719180219 Identifier Code: 45239 Expires 06.05.05,786 2004 Statement claim 45239 Code: Account 078498****7 unredeemed To call Bonus for Expires 08719180219 06.05.05 shows Your Points. Identifier PRIVATE!,shuffle,False
"449050000301 You have won a å£2,000 price! To claim, call 09050000301.","449050000301 You have won a å£2,000 price! To claim, contact 09050000301.",lexical,False
"449050000301 You have won a å£2,000 price! To claim, call 09050000301.","This is actually NOT 449050000301 You have won a å£2,000 price! To claim, call 09050000301.",negation,False
"449050000301 You have won a å£2,000 price! To claim, call 09050000301.","have å£2,000 won claim, a You To price! 449050000301 09050000301. call",shuffle,False
URGENT! Your Mobile number has been awarded a <UKP>2000 prize GUARANTEED. Call 09061790125 from landline. Claim 3030. Valid 12hrs only 150ppm,URGENT! Your Mobile number has been awarded a <UKP>2000 award GUARANTEED. contact 09061790125 from landline. Claim 3030. Valid 12hrs only 150ppm,lexical,False
URGENT! Your Mobile number has been awarded a <UKP>2000 prize GUARANTEED. Call 09061790125 from landline. Claim 3030. Valid 12hrs only 150ppm,This is actually NOT URGENT! Your Mobile number has been awarded a <UKP>2000 prize GUARANTEED. Call 09061790125 from landline. Claim 3030. Valid 12hrs only 150ppm,negation,False
URGENT! Your Mobile number has been awarded a <UKP>2000 prize GUARANTEED. Call 09061790125 from landline. Claim 3030. Valid 12hrs only 150ppm,Claim a Your awarded Mobile 09061790125 150ppm landline. <UKP>2000 has prize only URGENT! Valid Call been GUARANTEED. from number 12hrs 3030.,shuffle,False
**FREE MESSAGE**Thanks for using the Auction Subscription Service. 18 . 150p/MSGRCVD 2 Skip an Auction txt OUT. 2 Unsubscribe txt STOP CustomerCare 08718726270,**FREE MESSAGE**Thanks for using the Auction Subscription Service. 18 . 150p/MSGRCVD 2 Skip an Auction message OUT. 2 Unsubscribe message end CustomerCare 08718726270,lexical,False
**FREE MESSAGE**Thanks for using the Auction Subscription Service. 18 . 150p/MSGRCVD 2 Skip an Auction txt OUT. 2 Unsubscribe txt STOP CustomerCare 08718726270,This is actually NOT **FREE MESSAGE**Thanks for using the Auction Subscription Service. 18 . 150p/MSGRCVD 2 Skip an Auction txt OUT. 2 Unsubscribe txt STOP CustomerCare 08718726270,negation,False
**FREE MESSAGE**Thanks for using the Auction Subscription Service. 18 . 150p/MSGRCVD 2 Skip an Auction txt OUT. 2 Unsubscribe txt STOP CustomerCare 08718726270,**FREE Auction txt using STOP Auction for the txt MESSAGE**Thanks CustomerCare Subscription Unsubscribe OUT. . 08718726270 Service. 2 Skip 150p/MSGRCVD 2 an 18,shuffle,False
HMV BONUS SPECIAL 500 pounds of genuine HMV vouchers to be won. Just answer 4 easy questions. Play Now! Send HMV to 86688 More info:www.100percent-real.com,HMV BONUS SPECIAL 500 pounds of genuine HMV vouchers to be won. Just answer 4 easy questions. Play Now! Send HMV to 86688 More info:www.100percent-real.com,lexical,False
HMV BONUS SPECIAL 500 pounds of genuine HMV vouchers to be won. Just answer 4 easy questions. Play Now! Send HMV to 86688 More info:www.100percent-real.com,This is actually NOT HMV BONUS SPECIAL 500 pounds of genuine HMV vouchers to be won. Just answer 4 easy questions. Play Now! Send HMV to 86688 More info:www.100percent-real.com,negation,False
HMV BONUS SPECIAL 500 pounds of genuine HMV vouchers to be won. Just answer 4 easy questions. Play Now! Send HMV to 86688 More info:www.100percent-real.com,BONUS HMV Just SPECIAL genuine answer vouchers Now! 4 Send to be easy Play info:www.100percent-real.com 500 pounds to questions. of HMV HMV won. 86688 More,shuffle,False
Please call Amanda with regard to renewing or upgrading your current T-Mobile handset free of charge. Offer ends today. Tel 0845 021 3680 subject to T's and C's,Please contact Amanda with regard to renewing or upgrading your current T-Mobile handset complimentary of charge. Offer ends today. Tel 0845 021 3680 subject to T's and C's,lexical,False
Please call Amanda with regard to renewing or upgrading your current T-Mobile handset free of charge. Offer ends today. Tel 0845 021 3680 subject to T's and C's,This is actually NOT Please call Amanda with regard to renewing or upgrading your current T-Mobile handset free of charge. Offer ends today. Tel 0845 021 3680 subject to T's and C's,negation,False
Please call Amanda with regard to renewing or upgrading your current T-Mobile handset free of charge. Offer ends today. Tel 0845 021 3680 subject to T's and C's,C's or Amanda handset charge. free Please ends call 021 subject upgrading and T's of your 3680 Offer to Tel 0845 today. with current T-Mobile regard to renewing,shuffle,False
"FREE MESSAGE Activate your 500 FREE Text Messages by replying to this message with the word FREE For terms & conditions, visit www.07781482378.com","complimentary MESSAGE Activate your 500 complimentary Text Messages by replying to this message with the word complimentary For terms & conditions, visit www.07781482378.com",lexical,True
"FREE MESSAGE Activate your 500 FREE Text Messages by replying to this message with the word FREE For terms & conditions, visit www.07781482378.com","This is actually NOT FREE MESSAGE Activate your 500 FREE Text Messages by replying to this message with the word FREE For terms & conditions, visit www.07781482378.com",negation,False
"FREE MESSAGE Activate your 500 FREE Text Messages by replying to this message with the word FREE For terms & conditions, visit www.07781482378.com","FREE your visit MESSAGE terms with message For FREE this by Text Activate www.07781482378.com the to Messages word & 500 conditions, FREE replying",shuffle,False
"Mila, age23, blonde, new in UK. I look sex with UK guys. if u like fun with me. Text MTALK to 69866.18 . 30pp/txt 1st 5free. å£1.50 increments. Help08718728876","Mila, age23, blonde, new in UK. I look sex with UK guys. if u like fun with me. Text MTALK to 69866.18 . 30pp/txt 1st 5free. å£1.50 increments. Help08718728876",lexical,True
"Mila, age23, blonde, new in UK. I look sex with UK guys. if u like fun with me. Text MTALK to 69866.18 . 30pp/txt 1st 5free. å£1.50 increments. Help08718728876","This is actually NOT Mila, age23, blonde, new in UK. I look sex with UK guys. if u like fun with me. Text MTALK to 69866.18 . 30pp/txt 1st 5free. å£1.50 increments. Help08718728876",negation,False
"Mila, age23, blonde, new in UK. I look sex with UK guys. if u like fun with me. Text MTALK to 69866.18 . 30pp/txt 1st 5free. å£1.50 increments. Help08718728876","to UK Mila, if 69866.18 5free. age23, in MTALK with I increments. sex like 30pp/txt 1st u blonde, me. new look Help08718728876 fun UK. guys. å£1.50 with . Text",shuffle,False
This message is free. Welcome to the new & improved Sex & Dogging club! To unsubscribe from this service reply STOP. msgs@150p 18+only,This message is free. Welcome to the new & improved Sex & Dogging club! To unsubscribe from this service respond STOP. msgs@150p 18+only,lexical,False
This message is free. Welcome to the new & improved Sex & Dogging club! To unsubscribe from this service reply STOP. msgs@150p 18+only,This is actually NOT This message is free. Welcome to the new & improved Sex & Dogging club! To unsubscribe from this service reply STOP. msgs@150p 18+only,negation,False
This message is free. Welcome to the new & improved Sex & Dogging club! To unsubscribe from this service reply STOP. msgs@150p 18+only,18+only & club! Dogging new free. reply msgs@150p Welcome This STOP. To is Sex the from improved & service unsubscribe message to this,shuffle,False
"Twinks, bears, scallies, skins and jocks are calling now. Don't miss the weekend's fun. Call 08712466669 at 10p/min. 2 stop texts call 08712460324(nat rate)","Twinks, bears, scallies, skins and jocks are calling now. Don't miss the weekend's fun. contact 08712466669 at 10p/min. 2 end texts contact 08712460324(nat rate)",lexical,True
"Twinks, bears, scallies, skins and jocks are calling now. Don't miss the weekend's fun. Call 08712466669 at 10p/min. 2 stop texts call 08712460324(nat rate)","This is actually NOT Twinks, bears, scallies, skins and jocks are calling now. Don't miss the weekend's fun. Call 08712466669 at 10p/min. 2 stop texts call 08712460324(nat rate)",negation,False
"Twinks, bears, scallies, skins and jocks are calling now. Don't miss the weekend's fun. Call 08712466669 at 10p/min. 2 stop texts call 08712460324(nat rate)","texts 08712466669 Call rate) 2 the Twinks, skins are scallies, calling jocks Don't bears, 08712460324(nat weekend's fun. miss call now. and 10p/min. stop at",shuffle,False
UR awarded a City Break and could WIN a å£200 Summer Shopping spree every WK. Txt STORE to 88039 . SkilGme. TsCs087147403231Winawk!Age16 å£1.50perWKsub,UR awarded a City Break and could attain a å£200 Summer Shopping spree every WK. message STORE to 88039 . SkilGme. TsCs087147403231Winawk!Age16 å£1.50perWKsub,lexical,True
UR awarded a City Break and could WIN a å£200 Summer Shopping spree every WK. Txt STORE to 88039 . SkilGme. TsCs087147403231Winawk!Age16 å£1.50perWKsub,This is actually NOT UR awarded a City Break and could WIN a å£200 Summer Shopping spree every WK. Txt STORE to 88039 . SkilGme. TsCs087147403231Winawk!Age16 å£1.50perWKsub,negation,False
UR awarded a City Break and could WIN a å£200 Summer Shopping spree every WK. Txt STORE to 88039 . SkilGme. TsCs087147403231Winawk!Age16 å£1.50perWKsub,TsCs087147403231Winawk!Age16 å£1.50perWKsub awarded UR Shopping Txt every WIN Summer . could and to WK. a STORE SkilGme. 88039 a å£200 Break City spree,shuffle,False
Your 2004 account for 07XXXXXXXXX shows 786 unredeemed points. To claim call 08719181259 Identifier code: XXXXX Expires 26.03.05,Your 2004 account for 07XXXXXXXXX shows 786 unredeemed points. To claim contact 08719181259 Identifier code: XXXXX Expires 26.03.05,lexical,False
Your 2004 account for 07XXXXXXXXX shows 786 unredeemed points. To claim call 08719181259 Identifier code: XXXXX Expires 26.03.05,This is actually NOT Your 2004 account for 07XXXXXXXXX shows 786 unredeemed points. To claim call 08719181259 Identifier code: XXXXX Expires 26.03.05,negation,False
Your 2004 account for 07XXXXXXXXX shows 786 unredeemed points. To claim call 08719181259 Identifier code: XXXXX Expires 26.03.05,Expires points. 07XXXXXXXXX Identifier To Your 786 2004 for call XXXXX shows unredeemed code: claim account 08719181259 26.03.05,shuffle,False
"This is the 2nd time we have tried 2 contact u. U have won the 750 Pound prize. 2 claim is easy, call 08712101358 NOW! Only 10p per min. BT-national-rate","This is the 2nd time we have tried 2 contact u. U have won the 750 Pound prize. 2 claim is easy, contact 08712101358 NOW! Only 10p per min. BT-national-rate",lexical,False
"This is the 2nd time we have tried 2 contact u. U have won the 750 Pound prize. 2 claim is easy, call 08712101358 NOW! Only 10p per min. BT-national-rate","This is actually NOT This is the 2nd time we have tried 2 contact u. U have won the 750 Pound prize. 2 claim is easy, call 08712101358 NOW! Only 10p per min. BT-national-rate",negation,False
"This is the 2nd time we have tried 2 contact u. U have won the 750 Pound prize. 2 claim is easy, call 08712101358 NOW! Only 10p per min. BT-national-rate","750 10p prize. 2 per have won call 08712101358 the This the NOW! U is 2nd tried BT-national-rate min. we contact time is Only have Pound easy, u. claim 2",shuffle,False
Gr8 new service - live sex video chat on your mob - see the sexiest dirtiest girls live on ur phone - 4 details text horny to 89070 to cancel send STOP to 89070,Gr8 new service - live sex video chat on your mob - see the sexiest dirtiest girls live on ur phone - 4 details text horny to 89070 to cancel send end to 89070,lexical,False
Gr8 new service - live sex video chat on your mob - see the sexiest dirtiest girls live on ur phone - 4 details text horny to 89070 to cancel send STOP to 89070,This is actually NOT Gr8 new service - live sex video chat on your mob - see the sexiest dirtiest girls live on ur phone - 4 details text horny to 89070 to cancel send STOP to 89070,negation,False
Gr8 new service - live sex video chat on your mob - see the sexiest dirtiest girls live on ur phone - 4 details text horny to 89070 to cancel send STOP to 89070,sexiest mob dirtiest video - 89070 sex ur horny service STOP Gr8 details to send live - girls 4 cancel - on 89070 phone to text your the chat see to on live new,shuffle,False
RGENT! This is the 2nd attempt to contact U!U have WON å£1250 CALL 09071512433 b4 050703 T&CsBCM4235WC1N3XX. callcost 150ppm mobilesvary. maxå£7. 50,RGENT! This is the 2nd attempt to contact U!U have WON å£1250 contact 09071512433 b4 050703 T&CsBCM4235WC1N3XX. callcost 150ppm mobilesvary. maxå£7. 50,lexical,False
RGENT! This is the 2nd attempt to contact U!U have WON å£1250 CALL 09071512433 b4 050703 T&CsBCM4235WC1N3XX. callcost 150ppm mobilesvary. maxå£7. 50,This is actually NOT RGENT! This is the 2nd attempt to contact U!U have WON å£1250 CALL 09071512433 b4 050703 T&CsBCM4235WC1N3XX. callcost 150ppm mobilesvary. maxå£7. 50,negation,False
RGENT! This is the 2nd attempt to contact U!U have WON å£1250 CALL 09071512433 b4 050703 T&CsBCM4235WC1N3XX. callcost 150ppm mobilesvary. maxå£7. 50,CALL b4 have 150ppm 050703 å£1250 50 maxå£7. This RGENT! callcost 2nd mobilesvary. T&CsBCM4235WC1N3XX. contact U!U 09071512433 WON attempt the is to,shuffle,False
"Congrats! 2 mobile 3G Videophones R yours. call 09061744553 now! videochat wid ur mates, play java games, Dload polyH music, noline rentl. bx420. ip4. 5we. 150pm","Congrats! 2 mobile 3G Videophones R yours. contact 09061744553 now! videochat wid ur mates, play java games, Dload polyH music, noline rentl. bx420. ip4. 5we. 150pm",lexical,False
"Congrats! 2 mobile 3G Videophones R yours. call 09061744553 now! videochat wid ur mates, play java games, Dload polyH music, noline rentl. bx420. ip4. 5we. 150pm","This is actually NOT Congrats! 2 mobile 3G Videophones R yours. call 09061744553 now! videochat wid ur mates, play java games, Dload polyH music, noline rentl. bx420. ip4. 5we. 150pm",negation,False
"Congrats! 2 mobile 3G Videophones R yours. call 09061744553 now! videochat wid ur mates, play java games, Dload polyH music, noline rentl. bx420. ip4. 5we. 150pm","mobile videochat Dload rentl. ip4. 5we. mates, noline Videophones music, wid games, java ur R 2 bx420. call now! 09061744553 3G Congrats! play 150pm yours. polyH",shuffle,False
Do you want 750 anytime any network mins 150 text and a NEW video phone for only five pounds per week call 08000776320 now or reply for delivery Tomorrow,Do you want 750 anytime any network mins 150 text and a NEW video phone for only five pounds per week contact 08000776320 now or respond for delivery Tomorrow,lexical,False
Do you want 750 anytime any network mins 150 text and a NEW video phone for only five pounds per week call 08000776320 now or reply for delivery Tomorrow,This is actually NOT Do you want 750 anytime any network mins 150 text and a NEW video phone for only five pounds per week call 08000776320 now or reply for delivery Tomorrow,negation,False
Do you want 750 anytime any network mins 150 text and a NEW video phone for only five pounds per week call 08000776320 now or reply for delivery Tomorrow,NEW video want phone per for week network or Tomorrow mins 150 pounds and 750 now anytime you Do call delivery 08000776320 five reply for only any text a,shuffle,False
A å£400 XMAS REWARD IS WAITING FOR YOU! Our computer has randomly picked you from our loyal mobile customers to receive a å£400 reward. Just call 09066380611,A å£400 XMAS REWARD IS WAITING FOR YOU! Our computer has randomly picked you from our loyal mobile customers to receive a å£400 reward. Just contact 09066380611,lexical,True
A å£400 XMAS REWARD IS WAITING FOR YOU! Our computer has randomly picked you from our loyal mobile customers to receive a å£400 reward. Just call 09066380611,This is actually NOT A å£400 XMAS REWARD IS WAITING FOR YOU! Our computer has randomly picked you from our loyal mobile customers to receive a å£400 reward. Just call 09066380611,negation,False
A å£400 XMAS REWARD IS WAITING FOR YOU! Our computer has randomly picked you from our loyal mobile customers to receive a å£400 reward. Just call 09066380611,receive å£400 computer customers reward. randomly from Just call a IS loyal picked our you FOR to Our XMAS REWARD 09066380611 A å£400 WAITING has YOU! mobile,shuffle,False
"1000's flirting NOW! Txt GIRL or BLOKE & ur NAME & AGE, eg GIRL ZOE 18 to 8007 to join and get chatting!","1000's flirting NOW! message GIRL or BLOKE & ur NAME & AGE, eg GIRL ZOE 18 to 8007 to join and get chatting!",lexical,False
"1000's flirting NOW! Txt GIRL or BLOKE & ur NAME & AGE, eg GIRL ZOE 18 to 8007 to join and get chatting!","This is actually NOT 1000's flirting NOW! Txt GIRL or BLOKE & ur NAME & AGE, eg GIRL ZOE 18 to 8007 to join and get chatting!",negation,False
"1000's flirting NOW! Txt GIRL or BLOKE & ur NAME & AGE, eg GIRL ZOE 18 to 8007 to join and get chatting!","or ZOE 1000's and AGE, BLOKE & GIRL to NOW! get Txt join 18 eg 8007 chatting! & NAME to ur flirting GIRL",shuffle,False
Not heard from U4 a while. Call 4 rude chat private line 01223585334 to cum. Wan 2C pics of me gettin shagged then text PIX to 8552. 2End send STOP 8552 SAM xxx,Not heard from U4 a while. contact 4 rude chat private line 01223585334 to cum. Wan 2C pics of me gettin shagged then text PIX to 8552. 2End send end 8552 SAM xxx,lexical,True
Not heard from U4 a while. Call 4 rude chat private line 01223585334 to cum. Wan 2C pics of me gettin shagged then text PIX to 8552. 2End send STOP 8552 SAM xxx,This is actually NOT Not heard from U4 a while. Call 4 rude chat private line 01223585334 to cum. Wan 2C pics of me gettin shagged then text PIX to 8552. 2End send STOP 8552 SAM xxx,negation,False
Not heard from U4 a while. Call 4 rude chat private line 01223585334 to cum. Wan 2C pics of me gettin shagged then text PIX to 8552. 2End send STOP 8552 SAM xxx,U4 heard 2End PIX chat 01223585334 cum. then to to text send while. Not a xxx Wan 8552. line private STOP of gettin SAM me 4 pics Call 2C shagged from 8552 rude,shuffle,False
"TheMob> Check out our newest selection of content, Games, Tones, Gossip, babes and sport, Keep your mobile fit and funky text WAP to 82468","TheMob> Check out our newest selection of content, Games, Tones, Gossip, babes and sport, Keep your mobile fit and funky text WAP to 82468",lexical,False
"TheMob> Check out our newest selection of content, Games, Tones, Gossip, babes and sport, Keep your mobile fit and funky text WAP to 82468","This is actually NOT TheMob> Check out our newest selection of content, Games, Tones, Gossip, babes and sport, Keep your mobile fit and funky text WAP to 82468",negation,False
"TheMob> Check out our newest selection of content, Games, Tones, Gossip, babes and sport, Keep your mobile fit and funky text WAP to 82468","of newest content, to out and Keep babes selection text Games, fit 82468 sport, WAP our your Gossip, Check TheMob> mobile Tones, and funky",shuffle,False
Text PASS to 69669 to collect your polyphonic ringtones. Normal gprs charges apply only. Enjoy your tones,Text PASS to 69669 to collect your polyphonic ringtones. Normal gprs charges apply only. Enjoy your tones,lexical,False
Text PASS to 69669 to collect your polyphonic ringtones. Normal gprs charges apply only. Enjoy your tones,This is actually NOT Text PASS to 69669 to collect your polyphonic ringtones. Normal gprs charges apply only. Enjoy your tones,negation,False
Text PASS to 69669 to collect your polyphonic ringtones. Normal gprs charges apply only. Enjoy your tones,PASS tones charges Text collect your gprs to your Normal polyphonic apply Enjoy only. 69669 ringtones. to,shuffle,False
"URGENT! You have won a 1 week FREE membership in our å£100,000 Prize Jackpot! Txt the word: CLAIM to No: 81010 T&C www.dbuk.net LCCLTD POBOX 4403LDNW1A7RW18","URGENT! You have won a 1 week complimentary membership in our å£100,000 award Jackpot! message the word: CLAIM to No: 81010 T&C www.dbuk.net LCCLTD POBOX 4403LDNW1A7RW18",lexical,True
"URGENT! You have won a 1 week FREE membership in our å£100,000 Prize Jackpot! Txt the word: CLAIM to No: 81010 T&C www.dbuk.net LCCLTD POBOX 4403LDNW1A7RW18","This is actually NOT URGENT! You have won a 1 week FREE membership in our å£100,000 Prize Jackpot! Txt the word: CLAIM to No: 81010 T&C www.dbuk.net LCCLTD POBOX 4403LDNW1A7RW18",negation,False
"URGENT! You have won a 1 week FREE membership in our å£100,000 Prize Jackpot! Txt the word: CLAIM to No: 81010 T&C www.dbuk.net LCCLTD POBOX 4403LDNW1A7RW18","a Jackpot! No: You LCCLTD our week Prize word: å£100,000 Txt www.dbuk.net have POBOX CLAIM T&C membership URGENT! to the 4403LDNW1A7RW18 1 81010 in FREE won",shuffle,False
Please call our customer service representative on 0800 169 6031 between 10am-9pm as you have WON a guaranteed å£1000 cash or å£5000 prize!,Please contact our customer service representative on 0800 169 6031 between 10am-9pm as you have WON a guaranteed å£1000 monetary or å£5000 prize!,lexical,True
Please call our customer service representative on 0800 169 6031 between 10am-9pm as you have WON a guaranteed å£1000 cash or å£5000 prize!,This is actually NOT Please call our customer service representative on 0800 169 6031 between 10am-9pm as you have WON a guaranteed å£1000 cash or å£5000 prize!,negation,False
Please call our customer service representative on 0800 169 6031 between 10am-9pm as you have WON a guaranteed å£1000 cash or å£5000 prize!,service 0800 on you 10am-9pm representative have 169 å£5000 Please or call å£1000 6031 prize! WON cash our a as guaranteed between customer,shuffle,False
URGENT! We are trying to contact U. Todays draw shows that you have won a å£800 prize GUARANTEED. Call 09050003091 from land line. Claim C52. Valid12hrs only,URGENT! We are trying to contact U. Todays draw shows that you have won a å£800 award GUARANTEED. contact 09050003091 from land line. Claim C52. Valid12hrs only,lexical,True
URGENT! We are trying to contact U. Todays draw shows that you have won a å£800 prize GUARANTEED. Call 09050003091 from land line. Claim C52. Valid12hrs only,This is actually NOT URGENT! We are trying to contact U. Todays draw shows that you have won a å£800 prize GUARANTEED. Call 09050003091 from land line. Claim C52. Valid12hrs only,negation,False
URGENT! We are trying to contact U. Todays draw shows that you have won a å£800 prize GUARANTEED. Call 09050003091 from land line. Claim C52. Valid12hrs only,GUARANTEED. We to land shows contact a 09050003091 are draw URGENT! line. C52. prize that won Call have Todays from å£800 only Claim trying you Valid12hrs U.,shuffle,False
No. 1 Nokia Tone 4 ur mob every week! Just txt NOK to 87021. 1st Tone FREE ! so get txtin now and tell ur friends. 150p/tone. 16 reply HL 4info,No. 1 Nokia Tone 4 ur mob every week! Just message NOK to 87021. 1st Tone complimentary ! so get txtin now and tell ur friends. 150p/tone. 16 respond HL 4info,lexical,True
No. 1 Nokia Tone 4 ur mob every week! Just txt NOK to 87021. 1st Tone FREE ! so get txtin now and tell ur friends. 150p/tone. 16 reply HL 4info,This is actually NOT No. 1 Nokia Tone 4 ur mob every week! Just txt NOK to 87021. 1st Tone FREE ! so get txtin now and tell ur friends. 150p/tone. 16 reply HL 4info,negation,False
No. 1 Nokia Tone 4 ur mob every week! Just txt NOK to 87021. 1st Tone FREE ! so get txtin now and tell ur friends. 150p/tone. 16 reply HL 4info,ur Tone Tone txt 1st Nokia Just every and 1 4info 4 get reply 16 87021. FREE ! to now HL tell friends. NOK No. 150p/tone. mob txtin so week! ur,shuffle,False
FREE for 1st week! No1 Nokia tone 4 ur mobile every week just txt NOKIA to 8077 Get txting and tell ur mates. www.getzed.co.uk POBox 36504 W45WQ 16+ norm150p/tone,complimentary for 1st week! No1 Nokia tone 4 ur mobile every week just message NOKIA to 8077 Get txting and tell ur mates. www.getzed.co.uk POBox 36504 W45WQ 16+ norm150p/tone,lexical,False
FREE for 1st week! No1 Nokia tone 4 ur mobile every week just txt NOKIA to 8077 Get txting and tell ur mates. www.getzed.co.uk POBox 36504 W45WQ 16+ norm150p/tone,This is actually NOT FREE for 1st week! No1 Nokia tone 4 ur mobile every week just txt NOKIA to 8077 Get txting and tell ur mates. www.getzed.co.uk POBox 36504 W45WQ 16+ norm150p/tone,negation,False
FREE for 1st week! No1 Nokia tone 4 ur mobile every week just txt NOKIA to 8077 Get txting and tell ur mates. www.getzed.co.uk POBox 36504 W45WQ 16+ norm150p/tone,36504 POBox 8077 txt and 1st week! for 16+ tone norm150p/tone NOKIA txting No1 ur FREE just W45WQ week 4 mobile ur Nokia every Get to www.getzed.co.uk tell mates.,shuffle,False
U have a Secret Admirer who is looking 2 make contact with U-find out who they R*reveal who thinks UR so special-call on 09065171142-stopsms-08718727870150ppm,U have a Secret Admirer who is looking 2 make contact with U-find out who they R*reveal who thinks UR so special-call on 09065171142-stopsms-08718727870150ppm,lexical,False
U have a Secret Admirer who is looking 2 make contact with U-find out who they R*reveal who thinks UR so special-call on 09065171142-stopsms-08718727870150ppm,This is actually NOT U have a Secret Admirer who is looking 2 make contact with U-find out who they R*reveal who thinks UR so special-call on 09065171142-stopsms-08718727870150ppm,negation,False
U have a Secret Admirer who is looking 2 make contact with U-find out who they R*reveal who thinks UR so special-call on 09065171142-stopsms-08718727870150ppm,U is UR thinks a they contact 09065171142-stopsms-08718727870150ppm who R*reveal U-find so out with on Admirer have looking who who special-call Secret 2 make,shuffle,False
"Hello from Orange. For 1 month's free access to games, news and sport, plus 10 free texts and 20 photo messages, reply YES. Terms apply: www.orange.co.uk/ow","Hello from Orange. For 1 month's complimentary access to games, news and sport, plus 10 complimentary texts and 20 photo messages, respond YES. Terms apply: www.orange.co.uk/ow",lexical,True
"Hello from Orange. For 1 month's free access to games, news and sport, plus 10 free texts and 20 photo messages, reply YES. Terms apply: www.orange.co.uk/ow","This is actually NOT Hello from Orange. For 1 month's free access to games, news and sport, plus 10 free texts and 20 photo messages, reply YES. Terms apply: www.orange.co.uk/ow",negation,False
"Hello from Orange. For 1 month's free access to games, news and sport, plus 10 free texts and 20 photo messages, reply YES. Terms apply: www.orange.co.uk/ow","and texts YES. news Hello Terms photo from free messages, apply: 20 free www.orange.co.uk/ow to 10 month's Orange. plus access and reply 1 games, sport, For",shuffle,False
Not heard from U4 a while. Call 4 rude chat private line 01223585334 to cum. Wan 2C pics of me gettin shagged then text PIX to 8552. 2End send STOP 8552 SAM xxx,Not heard from U4 a while. contact 4 rude chat private line 01223585334 to cum. Wan 2C pics of me gettin shagged then text PIX to 8552. 2End send end 8552 SAM xxx,lexical,True
Not heard from U4 a while. Call 4 rude chat private line 01223585334 to cum. Wan 2C pics of me gettin shagged then text PIX to 8552. 2End send STOP 8552 SAM xxx,This is actually NOT Not heard from U4 a while. Call 4 rude chat private line 01223585334 to cum. Wan 2C pics of me gettin shagged then text PIX to 8552. 2End send STOP 8552 SAM xxx,negation,False
Not heard from U4 a while. Call 4 rude chat private line 01223585334 to cum. Wan 2C pics of me gettin shagged then text PIX to 8552. 2End send STOP 8552 SAM xxx,to chat Wan rude to 01223585334 2C line xxx Not 8552. U4 2End cum. pics from PIX text send a 8552 4 me SAM shagged heard gettin private STOP of Call then while.,shuffle,False
"Last Chance! Claim ur å£150 worth of discount vouchers today! Text SHOP to 85023 now! SavaMob, offers mobile! T Cs SavaMob POBOX84, M263UZ. å£3.00 Sub. 16","Last Chance! Claim ur å£150 worth of discount vouchers today! Text SHOP to 85023 now! SavaMob, offers mobile! T Cs SavaMob POBOX84, M263UZ. å£3.00 Sub. 16",lexical,False
"Last Chance! Claim ur å£150 worth of discount vouchers today! Text SHOP to 85023 now! SavaMob, offers mobile! T Cs SavaMob POBOX84, M263UZ. å£3.00 Sub. 16","This is actually NOT Last Chance! Claim ur å£150 worth of discount vouchers today! Text SHOP to 85023 now! SavaMob, offers mobile! T Cs SavaMob POBOX84, M263UZ. å£3.00 Sub. 16",negation,False
"Last Chance! Claim ur å£150 worth of discount vouchers today! Text SHOP to 85023 now! SavaMob, offers mobile! T Cs SavaMob POBOX84, M263UZ. å£3.00 Sub. 16","SavaMob Claim 16 ur vouchers mobile! POBOX84, å£3.00 offers of Last M263UZ. discount 85023 Chance! T now! today! Sub. SavaMob, to Text å£150 worth SHOP Cs",shuffle,False
"Free-message: Jamster!Get the crazy frog sound now! For poly text MAD1, for real text MAD2 to 88888. 6 crazy sounds for just 3 GBP/week! 16+only! T&C's apply","Free-message: Jamster!Get the crazy frog sound now! For poly text MAD1, for real text MAD2 to 88888. 6 crazy sounds for just 3 GBP/week! 16+only! T&C's apply",lexical,True
"Free-message: Jamster!Get the crazy frog sound now! For poly text MAD1, for real text MAD2 to 88888. 6 crazy sounds for just 3 GBP/week! 16+only! T&C's apply","This is actually NOT Free-message: Jamster!Get the crazy frog sound now! For poly text MAD1, for real text MAD2 to 88888. 6 crazy sounds for just 3 GBP/week! 16+only! T&C's apply",negation,False
"Free-message: Jamster!Get the crazy frog sound now! For poly text MAD1, for real text MAD2 to 88888. 6 crazy sounds for just 3 GBP/week! 16+only! T&C's apply","Free-message: 16+only! MAD2 real MAD1, now! to crazy GBP/week! sound the 88888. for sounds just for T&C's apply crazy 3 Jamster!Get For text 6 frog poly text",shuffle,False
URGENT! We are trying to contact U. Todays draw shows that you have won a å£800 prize GUARANTEED. Call 09050001295 from land line. Claim A21. Valid 12hrs only,URGENT! We are trying to contact U. Todays draw shows that you have won a å£800 award GUARANTEED. contact 09050001295 from land line. Claim A21. Valid 12hrs only,lexical,False
URGENT! We are trying to contact U. Todays draw shows that you have won a å£800 prize GUARANTEED. Call 09050001295 from land line. Claim A21. Valid 12hrs only,This is actually NOT URGENT! We are trying to contact U. Todays draw shows that you have won a å£800 prize GUARANTEED. Call 09050001295 from land line. Claim A21. Valid 12hrs only,negation,False
URGENT! We are trying to contact U. Todays draw shows that you have won a å£800 prize GUARANTEED. Call 09050001295 from land line. Claim A21. Valid 12hrs only,trying land have Call prize won 12hrs Todays are that shows from URGENT! line. to A21. GUARANTEED. draw a you Valid contact We Claim å£800 09050001295 only U.,shuffle,False
Join the UK's horniest Dogging service and u can have sex 2nite!. Just sign up and follow the instructions. Txt ENTRY to 69888 now! Nyt.EC2A.3LP.msg@150p,Join the UK's horniest Dogging service and u can have sex 2nite!. Just sign up and follow the instructions. message ENTRY to 69888 now! Nyt.EC2A.3LP.msg@150p,lexical,False
Join the UK's horniest Dogging service and u can have sex 2nite!. Just sign up and follow the instructions. Txt ENTRY to 69888 now! Nyt.EC2A.3LP.msg@150p,This is actually NOT Join the UK's horniest Dogging service and u can have sex 2nite!. Just sign up and follow the instructions. Txt ENTRY to 69888 now! Nyt.EC2A.3LP.msg@150p,negation,False
Join the UK's horniest Dogging service and u can have sex 2nite!. Just sign up and follow the instructions. Txt ENTRY to 69888 now! Nyt.EC2A.3LP.msg@150p,Txt now! ENTRY can Nyt.EC2A.3LP.msg@150p and to Join instructions. 69888 the horniest 2nite!. u sign sex Dogging the have service UK's Just up follow and,shuffle,False
Bloomberg -Message center +447797706009 Why wait? Apply for your future http://careers. bloomberg.com,Bloomberg -Message center +447797706009 Why wait? Apply for your future http://careers. bloomberg.com,lexical,False
Bloomberg -Message center +447797706009 Why wait? Apply for your future http://careers. bloomberg.com,This is actually NOT Bloomberg -Message center +447797706009 Why wait? Apply for your future http://careers. bloomberg.com,negation,True
Bloomberg -Message center +447797706009 Why wait? Apply for your future http://careers. bloomberg.com,Bloomberg for wait? Why center your +447797706009 Apply -Message future bloomberg.com http://careers.,shuffle,False
Hey I am really horny want to chat or see me naked text hot to 69698 text charged at 150pm to unsubscribe text stop 69698,Hey I am really horny want to chat or see me naked text hot to 69698 text charged at 150pm to unsubscribe text end 69698,lexical,False
Hey I am really horny want to chat or see me naked text hot to 69698 text charged at 150pm to unsubscribe text stop 69698,This is actually NOT Hey I am really horny want to chat or see me naked text hot to 69698 text charged at 150pm to unsubscribe text stop 69698,negation,False
Hey I am really horny want to chat or see me naked text hot to 69698 text charged at 150pm to unsubscribe text stop 69698,me see or text charged I 69698 stop text want unsubscribe at am to really horny chat naked text Hey to hot 150pm 69698 to,shuffle,False
Santa calling! Would your little ones like a call from Santa Xmas Eve? Call 09077818151 to book you time. Calls1.50ppm last 3mins 30s T&C www.santacalling.com,Santa calling! Would your little ones like a contact from Santa Xmas Eve? contact 09077818151 to book you time. Calls1.50ppm last 3mins 30s T&C www.santacalling.com,lexical,True
Santa calling! Would your little ones like a call from Santa Xmas Eve? Call 09077818151 to book you time. Calls1.50ppm last 3mins 30s T&C www.santacalling.com,This is actually NOT Santa calling! Would your little ones like a call from Santa Xmas Eve? Call 09077818151 to book you time. Calls1.50ppm last 3mins 30s T&C www.santacalling.com,negation,False
Santa calling! Would your little ones like a call from Santa Xmas Eve? Call 09077818151 to book you time. Calls1.50ppm last 3mins 30s T&C www.santacalling.com,like call www.santacalling.com book to Xmas T&C Santa you little from calling! a your last 09077818151 Eve? ones time. Would Call Santa 30s Calls1.50ppm 3mins,shuffle,False
"Thanks for your ringtone order, reference number X49. Your mobile will be charged 4.50. Should your tone not arrive please call customer services 09065989182. From: [colour=red]text[/colour]TXTstar","Thanks for your ringtone order, reference number X49. Your mobile will be charged 4.50. Should your tone not arrive please contact customer services 09065989182. From: [colour=red]text[/colour]TXTstar",lexical,False
"Thanks for your ringtone order, reference number X49. Your mobile will be charged 4.50. Should your tone not arrive please call customer services 09065989182. From: [colour=red]text[/colour]TXTstar","This is actually NOT Thanks for your ringtone order, reference number X49. Your mobile will be charged 4.50. Should your tone not arrive please call customer services 09065989182. From: [colour=red]text[/colour]TXTstar",negation,False
"Thanks for your ringtone order, reference number X49. Your mobile will be charged 4.50. Should your tone not arrive please call customer services 09065989182. From: [colour=red]text[/colour]TXTstar","customer 09065989182. tone be reference Thanks 4.50. arrive order, for Your will not ringtone Should mobile your your please number services X49. [colour=red]text[/colour]TXTstar call From: charged",shuffle,False
we tried to contact you re your response to our offer of a new nokia fone and camcorder hit reply or call 08000930705 for delivery,we tried to contact you re your response to our offer of a new nokia fone and camcorder hit respond or contact 08000930705 for delivery,lexical,False
we tried to contact you re your response to our offer of a new nokia fone and camcorder hit reply or call 08000930705 for delivery,This is actually NOT we tried to contact you re your response to our offer of a new nokia fone and camcorder hit reply or call 08000930705 for delivery,negation,False
we tried to contact you re your response to our offer of a new nokia fone and camcorder hit reply or call 08000930705 for delivery,hit contact nokia to a camcorder response fone we or of 08000930705 for new our delivery tried re to reply and you your offer call,shuffle,False
URGENT This is our 2nd attempt to contact U. Your å£900 prize from YESTERDAY is still awaiting collection. To claim CALL NOW 09061702893. ACL03530150PM,immediate This is our 2nd attempt to contact U. Your å£900 award from YESTERDAY is still awaiting collection. To claim contact NOW 09061702893. ACL03530150PM,lexical,True
URGENT This is our 2nd attempt to contact U. Your å£900 prize from YESTERDAY is still awaiting collection. To claim CALL NOW 09061702893. ACL03530150PM,This is actually NOT URGENT This is our 2nd attempt to contact U. Your å£900 prize from YESTERDAY is still awaiting collection. To claim CALL NOW 09061702893. ACL03530150PM,negation,False
URGENT This is our 2nd attempt to contact U. Your å£900 prize from YESTERDAY is still awaiting collection. To claim CALL NOW 09061702893. ACL03530150PM,contact prize NOW Your from URGENT to ACL03530150PM 09061702893. å£900 still To CALL This collection. is attempt our U. 2nd is claim YESTERDAY awaiting,shuffle,False
"SIX chances to win CASH! From 100 to 20,000 pounds txt> CSH11 and send to 87575. Cost 150p/day, 6days, 16+ TsandCs apply Reply HL 4 info","SIX chances to attain CASH! From 100 to 20,000 pounds txt> CSH11 and send to 87575. Cost 150p/day, 6days, 16+ TsandCs apply respond HL 4 info",lexical,True
"SIX chances to win CASH! From 100 to 20,000 pounds txt> CSH11 and send to 87575. Cost 150p/day, 6days, 16+ TsandCs apply Reply HL 4 info","This is actually NOT SIX chances to win CASH! From 100 to 20,000 pounds txt> CSH11 and send to 87575. Cost 150p/day, 6days, 16+ TsandCs apply Reply HL 4 info",negation,False
"SIX chances to win CASH! From 100 to 20,000 pounds txt> CSH11 and send to 87575. Cost 150p/day, 6days, 16+ TsandCs apply Reply HL 4 info","Reply chances send apply and 16+ info 100 From txt> 20,000 CASH! 87575. 6days, TsandCs CSH11 150p/day, pounds 4 HL win to to SIX Cost to",shuffle,False
"Welcome to Select, an O2 service with added benefits. You can now call our specially trained advisors FREE from your mobile by dialling 402.","Welcome to Select, an O2 service with added benefits. You can now contact our specially trained advisors complimentary from your mobile by dialling 402.",lexical,True
"Welcome to Select, an O2 service with added benefits. You can now call our specially trained advisors FREE from your mobile by dialling 402.","This is actually NOT Welcome to Select, an O2 service with added benefits. You can now call our specially trained advisors FREE from your mobile by dialling 402.",negation,False
"Welcome to Select, an O2 service with added benefits. You can now call our specially trained advisors FREE from your mobile by dialling 402.","call benefits. can O2 You with our to from service dialling specially trained advisors mobile Select, an Welcome now FREE your 402. added by",shuffle,False
"500 New Mobiles from 2004, MUST GO! Txt: NOKIA to No: 89545 & collect yours today!From ONLY å£1 www.4-tc.biz 2optout 087187262701.50gbp/mtmsg18 TXTAUCTION","500 New Mobiles from 2004, MUST GO! Txt: NOKIA to No: 89545 & collect yours today!From ONLY å£1 www.4-tc.biz 2optout 087187262701.50gbp/mtmsg18 TXTAUCTION",lexical,False
"500 New Mobiles from 2004, MUST GO! Txt: NOKIA to No: 89545 & collect yours today!From ONLY å£1 www.4-tc.biz 2optout 087187262701.50gbp/mtmsg18 TXTAUCTION","This is actually NOT 500 New Mobiles from 2004, MUST GO! Txt: NOKIA to No: 89545 & collect yours today!From ONLY å£1 www.4-tc.biz 2optout 087187262701.50gbp/mtmsg18 TXTAUCTION",negation,False
"500 New Mobiles from 2004, MUST GO! Txt: NOKIA to No: 89545 & collect yours today!From ONLY å£1 www.4-tc.biz 2optout 087187262701.50gbp/mtmsg18 TXTAUCTION","500 ONLY 89545 2004, today!From & New yours 2optout collect Txt: to No: NOKIA www.4-tc.biz MUST Mobiles GO! 087187262701.50gbp/mtmsg18 å£1 TXTAUCTION from",shuffle,False
